图像路径,标注类别ID,标注类别名称,top-1-预测ID,top-1-预测名称,top-2-预测ID,top-2-预测名称,top-3-预测ID,top-3-预测名称,top-n预测正确,乌龟-预测置信度,仓鼠-预测置信度,兔子-预测置信度,狗-预测置信度,猫-预测置信度,金鱼-预测置信度,鹦鹉-预测置信度
dataset_split/val/乌龟/0.jpg,0,乌龟,0.0,乌龟,5.0,金鱼,3.0,狗,1.0,0.9997904,1.3496485e-05,5.6886364e-07,1.8777657e-05,1.4501727e-05,0.00015052377,1.1673086e-05
dataset_split/val/乌龟/106.jpg,0,乌龟,0.0,乌龟,6.0,鹦鹉,5.0,金鱼,1.0,0.9705659,0.0003541137,0.00090848963,0.00064750965,0.0015962358,0.0054022856,0.020525517
dataset_split/val/乌龟/115.jpg,0,乌龟,0.0,乌龟,5.0,金鱼,1.0,仓鼠,1.0,0.9631217,0.0047347657,0.000522849,0.0021564714,0.0009090698,0.027109139,0.0014460153
dataset_split/val/乌龟/123.jpg,0,乌龟,0.0,乌龟,5.0,金鱼,6.0,鹦鹉,1.0,0.9915172,0.0008954164,0.00026855883,0.00027924875,8.785519e-05,0.003941732,0.0030100478
dataset_split/val/乌龟/164.jpg,0,乌龟,0.0,乌龟,5.0,金鱼,3.0,狗,1.0,0.9995976,9.74761e-06,6.1473984e-05,8.786799e-05,2.2297016e-05,0.00019073513,3.0321597e-05
dataset_split/val/乌龟/165.jpg,0,乌龟,0.0,乌龟,6.0,鹦鹉,3.0,狗,1.0,0.99996984,6.1928413e-06,6.045258e-07,7.149907e-06,2.2365439e-06,5.2105106e-06,8.664103e-06
dataset_split/val/乌龟/166.jpg,0,乌龟,0.0,乌龟,5.0,金鱼,6.0,鹦鹉,1.0,0.99994755,7.5045346e-06,5.8419355e-06,6.4673827e-06,1.0215481e-06,1.902723e-05,1.2526091e-05
dataset_split/val/乌龟/177.jpg,0,乌龟,0.0,乌龟,6.0,鹦鹉,5.0,金鱼,1.0,0.95812035,0.0016655274,0.00059330615,0.0027789788,0.00108966,0.004640654,0.031111598
dataset_split/val/乌龟/183.jpg,0,乌龟,0.0,乌龟,6.0,鹦鹉,3.0,狗,1.0,0.9859985,0.0013228065,0.0007772982,0.0016222472,0.00029842573,0.0013533464,0.008627299
dataset_split/val/乌龟/186.jpg,0,乌龟,0.0,乌龟,5.0,金鱼,6.0,鹦鹉,1.0,0.9998925,1.3287623e-05,2.3374714e-06,1.2978517e-05,8.675578e-06,4.2090476e-05,2.8166487e-05
dataset_split/val/乌龟/189.jpg,0,乌龟,0.0,乌龟,6.0,鹦鹉,5.0,金鱼,1.0,0.9948319,3.6867976e-05,5.12417e-05,3.8152953e-05,0.000119421835,0.0018685403,0.0030539175
dataset_split/val/乌龟/192.jpg,0,乌龟,0.0,乌龟,1.0,仓鼠,5.0,金鱼,1.0,0.9941215,0.0037054655,6.885618e-05,4.5446275e-05,0.00010923276,0.0015407001,0.00040877564
dataset_split/val/乌龟/198.jpg,0,乌龟,0.0,乌龟,6.0,鹦鹉,2.0,兔子,1.0,0.943828,0.00064872863,0.011633543,0.0013232232,0.001058142,0.011257393,0.03025085
dataset_split/val/乌龟/201.jpg,0,乌龟,0.0,乌龟,2.0,兔子,6.0,鹦鹉,1.0,0.99719304,0.00023130659,0.0011068969,0.0003619255,0.00036497723,0.00036508826,0.00037674388
dataset_split/val/乌龟/208.jpg,0,乌龟,0.0,乌龟,6.0,鹦鹉,5.0,金鱼,1.0,0.9999306,1.6564367e-05,7.899193e-07,1.3393576e-05,3.6955325e-07,1.721428e-05,2.1028838e-05
dataset_split/val/乌龟/211.jpg,0,乌龟,0.0,乌龟,6.0,鹦鹉,5.0,金鱼,1.0,0.9993961,9.7577125e-05,3.0982599e-06,7.4859045e-06,1.7722708e-05,0.0002044223,0.0002735277
dataset_split/val/乌龟/223.jpg,0,乌龟,0.0,乌龟,4.0,猫,5.0,金鱼,1.0,0.9953393,0.00055942626,0.00016907844,0.0011051027,0.0012008091,0.0011637721,0.0004624819
dataset_split/val/乌龟/228.jpg,0,乌龟,0.0,乌龟,5.0,金鱼,3.0,狗,1.0,0.9868007,0.00088532735,0.0010949038,0.002114096,0.0002510744,0.0077265706,0.001127376
dataset_split/val/乌龟/232.jpg,0,乌龟,0.0,乌龟,6.0,鹦鹉,5.0,金鱼,1.0,0.99996006,2.074656e-06,3.2415437e-07,3.0986814e-06,3.2167945e-06,8.955512e-06,2.224702e-05
dataset_split/val/乌龟/24.jpg,0,乌龟,0.0,乌龟,1.0,仓鼠,5.0,金鱼,1.0,0.9999808,6.763327e-06,1.30787e-06,2.9284047e-06,1.5856446e-07,4.3341633e-06,3.6827162e-06
dataset_split/val/乌龟/243.jpg,0,乌龟,0.0,乌龟,3.0,狗,5.0,金鱼,1.0,0.9999889,2.137964e-07,1.0570027e-06,3.4580066e-06,3.2106948e-07,3.0368476e-06,2.9414211e-06
dataset_split/val/乌龟/25.jpg,0,乌龟,0.0,乌龟,5.0,金鱼,3.0,狗,1.0,0.9999831,1.4074865e-06,9.760603e-07,2.4656756e-06,6.497853e-07,9.913256e-06,1.4858509e-06
dataset_split/val/乌龟/258.jpg,0,乌龟,0.0,乌龟,6.0,鹦鹉,5.0,金鱼,1.0,0.99245995,0.0010480691,0.00043606394,0.0003088172,0.0004642806,0.0020116344,0.003271222
dataset_split/val/乌龟/264.jpg,0,乌龟,0.0,乌龟,5.0,金鱼,6.0,鹦鹉,1.0,0.9747891,0.0021399658,0.00043050866,0.0012243075,0.0002964376,0.017291257,0.003828527
dataset_split/val/乌龟/265.jpg,0,乌龟,0.0,乌龟,6.0,鹦鹉,5.0,金鱼,1.0,0.9854264,8.580014e-05,2.5127616e-05,0.000107847605,0.00019014852,0.0023145599,0.01184997
dataset_split/val/乌龟/273.jpg,0,乌龟,0.0,乌龟,6.0,鹦鹉,5.0,金鱼,1.0,0.99856585,1.4732271e-05,1.6965929e-05,6.3824635e-05,1.6668413e-05,0.00029903068,0.0010229936
dataset_split/val/乌龟/285.jpg,0,乌龟,0.0,乌龟,5.0,金鱼,3.0,狗,1.0,0.99335384,0.000618359,0.00060132646,0.00092375284,0.000104305305,0.004018922,0.0003795507
dataset_split/val/乌龟/296.jpg,0,乌龟,0.0,乌龟,6.0,鹦鹉,5.0,金鱼,1.0,0.99902594,6.0124265e-05,4.0841885e-05,6.43936e-05,6.475573e-06,0.00030932133,0.0004929355
dataset_split/val/乌龟/297.jpg,0,乌龟,0.0,乌龟,6.0,鹦鹉,5.0,金鱼,1.0,0.8823935,0.012870169,0.00062234554,0.010259129,0.014642861,0.03466841,0.04454353
dataset_split/val/乌龟/300.jpg,0,乌龟,0.0,乌龟,5.0,金鱼,6.0,鹦鹉,1.0,0.99467397,0.0005830511,0.00016629415,0.0010869289,0.0001439237,0.0020072854,0.001338579
dataset_split/val/乌龟/306.jpg,0,乌龟,0.0,乌龟,3.0,狗,1.0,仓鼠,1.0,0.99751496,0.0005332837,0.00041919394,0.00083146174,7.2126815e-05,0.00034649548,0.00028241405
dataset_split/val/乌龟/315.jpg,0,乌龟,0.0,乌龟,1.0,仓鼠,6.0,鹦鹉,1.0,0.9353088,0.026292583,0.0019176462,0.011769467,0.00046933562,0.0018974209,0.022344755
dataset_split/val/乌龟/316.jpg,0,乌龟,0.0,乌龟,5.0,金鱼,1.0,仓鼠,1.0,0.99806696,0.00039558875,0.0001352191,0.0002652544,0.00012328642,0.00089330954,0.00012044818
dataset_split/val/乌龟/32.png,0,乌龟,0.0,乌龟,6.0,鹦鹉,5.0,金鱼,1.0,0.9989875,6.8541965e-05,1.7043507e-05,0.00019699623,6.168915e-05,0.00025784984,0.00041042114
dataset_split/val/乌龟/324.jpg,0,乌龟,0.0,乌龟,5.0,金鱼,6.0,鹦鹉,1.0,0.8193093,0.004033195,0.0115749845,0.002284149,0.0016319312,0.0999977,0.06116869
dataset_split/val/乌龟/328.png,0,乌龟,0.0,乌龟,1.0,仓鼠,2.0,兔子,1.0,0.53621155,0.116828576,0.1119999,0.10642279,0.033766333,0.07367287,0.021097964
dataset_split/val/乌龟/335.png,0,乌龟,0.0,乌龟,6.0,鹦鹉,5.0,金鱼,1.0,0.9932654,0.00082428934,0.0006604213,0.0005130057,8.15283e-06,0.0022233282,0.0025053876
dataset_split/val/乌龟/337.jpg,0,乌龟,0.0,乌龟,1.0,仓鼠,5.0,金鱼,1.0,0.99984276,5.9020203e-05,2.481646e-06,1.837764e-05,7.674526e-06,4.1106076e-05,2.8676148e-05
dataset_split/val/乌龟/341.jpg,0,乌龟,0.0,乌龟,1.0,仓鼠,5.0,金鱼,1.0,0.9959629,0.0021550343,0.0002102622,0.0003681446,0.00038668618,0.00072126184,0.00019562272
dataset_split/val/乌龟/345.jpg,0,乌龟,0.0,乌龟,5.0,金鱼,6.0,鹦鹉,1.0,0.9996308,4.1566873e-06,2.932625e-06,6.2232984e-06,2.577259e-06,0.0002861597,6.712035e-05
dataset_split/val/乌龟/346.jpg,0,乌龟,0.0,乌龟,6.0,鹦鹉,5.0,金鱼,1.0,0.9969404,5.03233e-05,6.469335e-05,0.00030865057,7.846715e-05,0.0006353988,0.0019220916
dataset_split/val/乌龟/348.jpg,0,乌龟,0.0,乌龟,6.0,鹦鹉,5.0,金鱼,1.0,0.99526453,5.460703e-05,0.0003354661,0.0004955265,0.00019894443,0.00085293024,0.0027979966
dataset_split/val/乌龟/35.jpg,0,乌龟,0.0,乌龟,6.0,鹦鹉,4.0,猫,1.0,0.91151005,0.00045412927,0.00041519865,0.01921174,0.019601129,0.017117022,0.031690698
dataset_split/val/乌龟/36.jpg,0,乌龟,0.0,乌龟,5.0,金鱼,1.0,仓鼠,1.0,0.99922836,8.334266e-05,1.8536115e-05,1.2871345e-05,5.9534665e-05,0.00051430834,8.3090854e-05
dataset_split/val/乌龟/368.jpg,0,乌龟,0.0,乌龟,1.0,仓鼠,5.0,金鱼,1.0,0.98544955,0.0070545776,0.00094112544,0.002456117,0.00034284464,0.0033695444,0.00038626214
dataset_split/val/乌龟/371.jpg,0,乌龟,0.0,乌龟,5.0,金鱼,6.0,鹦鹉,1.0,0.99955267,3.5767487e-05,4.5369648e-06,1.1282326e-05,2.1910223e-06,0.00030202302,9.155717e-05
dataset_split/val/乌龟/374.jpg,0,乌龟,0.0,乌龟,6.0,鹦鹉,3.0,狗,1.0,0.74272686,0.024200184,0.0039466545,0.066789486,0.008247477,0.035176776,0.11891258
dataset_split/val/乌龟/381.jpg,0,乌龟,0.0,乌龟,5.0,金鱼,1.0,仓鼠,1.0,0.9969897,0.00062509486,0.00044307948,0.00049276283,0.00029590155,0.0008013081,0.00035204185
dataset_split/val/乌龟/382.jpg,0,乌龟,0.0,乌龟,6.0,鹦鹉,5.0,金鱼,1.0,0.9997596,8.71435e-06,3.24398e-05,1.3501168e-05,1.8700628e-05,6.513437e-05,0.000101831385
dataset_split/val/乌龟/383.jpg,0,乌龟,0.0,乌龟,5.0,金鱼,6.0,鹦鹉,1.0,0.9955049,0.00031451613,5.4602147e-05,0.00016399048,0.00014465403,0.002400241,0.0014170967
dataset_split/val/乌龟/390.jpg,0,乌龟,0.0,乌龟,4.0,猫,1.0,仓鼠,1.0,0.99935895,0.00019466064,2.7978107e-05,4.045271e-05,0.00025928218,9.0871516e-05,2.7855132e-05
dataset_split/val/乌龟/394.jpg,0,乌龟,0.0,乌龟,1.0,仓鼠,5.0,金鱼,1.0,0.99495196,0.0023936734,4.295975e-05,0.00071258773,0.00015261829,0.0015890122,0.00015711985
dataset_split/val/乌龟/399.jpg,0,乌龟,0.0,乌龟,5.0,金鱼,6.0,鹦鹉,1.0,0.72006124,0.02720408,0.021214182,0.008196216,0.032828163,0.09584013,0.09465606
dataset_split/val/乌龟/419.jpg,0,乌龟,0.0,乌龟,6.0,鹦鹉,5.0,金鱼,1.0,0.99875367,1.1218943e-05,4.1080104e-05,7.1726114e-05,6.297846e-05,0.00047199268,0.00058733294
dataset_split/val/乌龟/428.jpg,0,乌龟,0.0,乌龟,5.0,金鱼,6.0,鹦鹉,1.0,0.6753798,0.0025716808,0.034512073,0.014369638,0.042388998,0.15829389,0.07248392
dataset_split/val/乌龟/429.jpeg,0,乌龟,0.0,乌龟,5.0,金鱼,2.0,兔子,1.0,0.99561125,0.00053151726,0.00110467,0.0003628236,9.411283e-05,0.0017226842,0.0005729062
dataset_split/val/乌龟/435.jpg,0,乌龟,0.0,乌龟,5.0,金鱼,6.0,鹦鹉,1.0,0.9675757,0.0014482996,0.0020434088,0.00072639395,0.00034310747,0.017522555,0.010340379
dataset_split/val/乌龟/444.jpg,0,乌龟,0.0,乌龟,5.0,金鱼,3.0,狗,1.0,0.99964666,5.9194685e-05,4.2079787e-06,6.8057336e-05,2.7378342e-06,0.00019607438,2.3082011e-05
dataset_split/val/乌龟/450.jpg,0,乌龟,0.0,乌龟,5.0,金鱼,6.0,鹦鹉,1.0,0.9918099,0.0009262479,1.8163282e-05,0.0014198953,0.0007217528,0.0035272522,0.0015769205
dataset_split/val/乌龟/452.jpg,0,乌龟,0.0,乌龟,3.0,狗,4.0,猫,1.0,0.84970826,0.021417564,0.017627237,0.039826825,0.03259042,0.014530542,0.024299081
dataset_split/val/乌龟/47.jpg,0,乌龟,0.0,乌龟,1.0,仓鼠,3.0,狗,1.0,0.99985015,4.7498565e-05,5.5610326e-06,4.299457e-05,3.4281773e-06,3.5491717e-05,1.4814069e-05
dataset_split/val/乌龟/473.jpg,0,乌龟,0.0,乌龟,6.0,鹦鹉,1.0,仓鼠,1.0,0.99601656,0.00089143834,8.184847e-05,0.00047261218,0.00071877515,0.00067555363,0.0011431922
dataset_split/val/乌龟/489.jpg,0,乌龟,0.0,乌龟,6.0,鹦鹉,3.0,狗,1.0,0.9876775,0.0013734904,0.0006039999,0.0020955314,0.0006734122,0.0005102389,0.0070658457
dataset_split/val/乌龟/492.jpg,0,乌龟,0.0,乌龟,5.0,金鱼,6.0,鹦鹉,1.0,0.99859625,7.4786362e-06,3.8712114e-05,9.160675e-06,2.9421599e-05,0.001182366,0.0001366482
dataset_split/val/乌龟/500.jpg,0,乌龟,0.0,乌龟,6.0,鹦鹉,4.0,猫,1.0,0.739375,0.031612802,0.020497303,0.0060237925,0.07078641,0.056819018,0.07488564
dataset_split/val/乌龟/51.png,0,乌龟,0.0,乌龟,6.0,鹦鹉,1.0,仓鼠,1.0,0.9968497,0.000115047864,4.452706e-05,5.6472007e-05,2.545519e-05,9.100098e-05,0.0028178412
dataset_split/val/乌龟/54.jpg,0,乌龟,0.0,乌龟,6.0,鹦鹉,3.0,狗,1.0,0.9985505,5.531648e-05,0.00018229413,0.00037071752,0.00012994472,0.00030598653,0.0004052053
dataset_split/val/乌龟/61.jpeg,0,乌龟,0.0,乌龟,5.0,金鱼,6.0,鹦鹉,1.0,0.99927443,2.706425e-05,9.353083e-06,0.00010024557,1.2907611e-05,0.00038790583,0.00018816975
dataset_split/val/乌龟/63.jpg,0,乌龟,0.0,乌龟,5.0,金鱼,4.0,猫,1.0,0.5581679,0.085855246,0.046207827,0.020540923,0.090118185,0.16285755,0.036252424
dataset_split/val/乌龟/64.jpg,0,乌龟,0.0,乌龟,3.0,狗,6.0,鹦鹉,1.0,0.99428767,0.0003532213,0.0005305378,0.0016731672,0.00083963416,0.00081472076,0.0015009994
dataset_split/val/乌龟/75.jpg,0,乌龟,0.0,乌龟,5.0,金鱼,3.0,狗,1.0,0.9989274,0.00013539869,3.266508e-05,0.00016877078,4.0121493e-05,0.0006101293,8.5447995e-05
dataset_split/val/乌龟/76.jpg,0,乌龟,0.0,乌龟,5.0,金鱼,2.0,兔子,1.0,0.9939657,0.0011440217,0.0012316443,0.000101129306,0.000712721,0.0016308071,0.0012140326
dataset_split/val/乌龟/8.png,0,乌龟,0.0,乌龟,5.0,金鱼,2.0,兔子,1.0,0.6348189,0.0002471009,0.0006276959,0.0003653365,4.058503e-05,0.36356917,0.00033129353
dataset_split/val/乌龟/83.jpg,0,乌龟,0.0,乌龟,5.0,金鱼,1.0,仓鼠,1.0,0.95342016,0.014809225,0.0011895661,0.0028726247,0.0009294429,0.017658032,0.009120845
dataset_split/val/乌龟/87.jpg,0,乌龟,0.0,乌龟,5.0,金鱼,3.0,狗,1.0,0.9643201,0.00079383457,0.0005174366,0.0011589787,0.00040374283,0.032280616,0.0005253279
dataset_split/val/乌龟/89.jpg,0,乌龟,0.0,乌龟,5.0,金鱼,3.0,狗,1.0,0.9991885,2.907155e-05,2.6138347e-05,0.000105776446,1.9123023e-05,0.0005486854,8.266572e-05
dataset_split/val/乌龟/90.jpg,0,乌龟,0.0,乌龟,5.0,金鱼,1.0,仓鼠,1.0,0.9979261,0.00056566345,0.0001406515,0.00023935027,7.27809e-05,0.00084227126,0.00021316067
dataset_split/val/乌龟/97.jpg,0,乌龟,0.0,乌龟,4.0,猫,5.0,金鱼,1.0,0.30908898,0.18364841,0.023407452,0.06756979,0.2039759,0.20022488,0.012084602
dataset_split/val/仓鼠/102.jpg,1,仓鼠,2.0,兔子,1.0,仓鼠,4.0,猫,1.0,0.0008775101,0.41560245,0.5413249,0.0004094,0.040175714,0.0013079914,0.0003020405
dataset_split/val/仓鼠/105.jpg,1,仓鼠,1.0,仓鼠,3.0,狗,6.0,鹦鹉,1.0,0.0053506736,0.4636601,0.06769712,0.2959547,0.013543431,0.007905697,0.14588824
dataset_split/val/仓鼠/113.jpg,1,仓鼠,1.0,仓鼠,2.0,兔子,4.0,猫,1.0,0.00018071779,0.60166615,0.38195205,0.00055463164,0.013517815,0.00085211964,0.001276459
dataset_split/val/仓鼠/115.jpg,1,仓鼠,1.0,仓鼠,3.0,狗,2.0,兔子,1.0,0.00020091086,0.87121147,0.04377106,0.0536031,0.0055781407,0.0024514627,0.023183806
dataset_split/val/仓鼠/123.jpg,1,仓鼠,1.0,仓鼠,2.0,兔子,4.0,猫,1.0,0.00020348887,0.8433716,0.1529496,0.000146311,0.0028267317,0.00017054765,0.0003317124
dataset_split/val/仓鼠/124.jpg,1,仓鼠,1.0,仓鼠,2.0,兔子,6.0,鹦鹉,1.0,6.8246714e-05,0.99740773,0.0013566716,0.00015045906,0.00021009163,0.00018500199,0.00062183844
dataset_split/val/仓鼠/125.jpg,1,仓鼠,1.0,仓鼠,2.0,兔子,4.0,猫,1.0,9.0232315e-06,0.97863775,0.02001039,6.282532e-05,0.0011111151,3.815144e-05,0.00013072335
dataset_split/val/仓鼠/13.jpg,1,仓鼠,1.0,仓鼠,2.0,兔子,4.0,猫,1.0,0.00038221874,0.90441674,0.076396674,0.00082555343,0.00960122,0.0047194585,0.0036581815
dataset_split/val/仓鼠/130.jpg,1,仓鼠,1.0,仓鼠,2.0,兔子,6.0,鹦鹉,1.0,3.9273764e-05,0.9819431,0.01777786,6.278924e-05,5.5762932e-05,1.4799185e-05,0.0001065763
dataset_split/val/仓鼠/143.jpg,1,仓鼠,1.0,仓鼠,2.0,兔子,4.0,猫,1.0,1.1038051e-05,0.9977914,0.0015783859,2.1688676e-05,0.00027326331,8.7406035e-05,0.00023682415
dataset_split/val/仓鼠/152.jpg,1,仓鼠,1.0,仓鼠,2.0,兔子,3.0,狗,1.0,0.00011321645,0.918869,0.07949604,0.00056725414,0.00049220835,0.000251763,0.00021045077
dataset_split/val/仓鼠/173.jpg,1,仓鼠,1.0,仓鼠,2.0,兔子,6.0,鹦鹉,1.0,0.00010348566,0.9823987,0.014425955,0.0006291345,0.000892832,0.0004547088,0.001095166
dataset_split/val/仓鼠/174.jpg,1,仓鼠,1.0,仓鼠,4.0,猫,2.0,兔子,1.0,1.6390344e-05,0.9828414,0.0077257375,0.00016562156,0.008134027,0.00048253077,0.000634338
dataset_split/val/仓鼠/185.jpeg,1,仓鼠,1.0,仓鼠,2.0,兔子,4.0,猫,1.0,4.7784317e-05,0.9609364,0.03647277,0.00024193649,0.0011706946,0.00086300215,0.000267328
dataset_split/val/仓鼠/187.jpg,1,仓鼠,1.0,仓鼠,2.0,兔子,4.0,猫,1.0,1.9191299e-05,0.97731197,0.015232291,0.0013685699,0.0054733865,0.00035988132,0.00023467085
dataset_split/val/仓鼠/190.jpg,1,仓鼠,1.0,仓鼠,4.0,猫,6.0,鹦鹉,1.0,0.00018906848,0.9794892,0.0038619274,0.000703689,0.009963352,0.0010482104,0.0047444636
dataset_split/val/仓鼠/193.jpeg,1,仓鼠,1.0,仓鼠,2.0,兔子,4.0,猫,1.0,0.00037663896,0.943577,0.043266453,0.00090595125,0.009694588,0.00089211937,0.0012873051
dataset_split/val/仓鼠/194.jpg,1,仓鼠,1.0,仓鼠,2.0,兔子,4.0,猫,1.0,0.00015656935,0.9260783,0.046758637,0.00030963207,0.025469134,0.00053553475,0.0006921079
dataset_split/val/仓鼠/195.jpg,1,仓鼠,1.0,仓鼠,2.0,兔子,4.0,猫,1.0,0.00012567047,0.97750914,0.015708616,0.0010808792,0.004574555,0.00018279208,0.0008182936
dataset_split/val/仓鼠/199.jpg,1,仓鼠,4.0,猫,1.0,仓鼠,2.0,兔子,1.0,0.00011281173,0.3872845,0.04133366,0.011001772,0.558121,0.00035036274,0.001795799
dataset_split/val/仓鼠/204.jpg,1,仓鼠,1.0,仓鼠,2.0,兔子,4.0,猫,1.0,0.00019069776,0.96639085,0.021421216,0.0015999455,0.009131416,0.0004937458,0.00077216176
dataset_split/val/仓鼠/206.jpg,1,仓鼠,1.0,仓鼠,2.0,兔子,4.0,猫,1.0,3.8538397e-05,0.9785517,0.017725306,0.0003198831,0.0015771942,0.0010848104,0.00070256303
dataset_split/val/仓鼠/210.jpg,1,仓鼠,1.0,仓鼠,2.0,兔子,5.0,金鱼,1.0,0.003846267,0.6679321,0.18198226,0.00373926,0.0063018035,0.09281489,0.043383397
dataset_split/val/仓鼠/214.jpg,1,仓鼠,1.0,仓鼠,2.0,兔子,5.0,金鱼,1.0,6.4155133e-06,0.99520445,0.0045597553,1.6863854e-05,6.921087e-05,0.000114488445,2.8899134e-05
dataset_split/val/仓鼠/218.jpg,1,仓鼠,1.0,仓鼠,2.0,兔子,6.0,鹦鹉,1.0,4.713361e-05,0.9815136,0.017706048,0.00019436135,8.549793e-05,0.00011153775,0.00034189728
dataset_split/val/仓鼠/220.png,1,仓鼠,1.0,仓鼠,2.0,兔子,6.0,鹦鹉,1.0,5.2631285e-06,0.97368693,0.025317503,2.1105505e-05,0.00012671397,6.0937688e-05,0.00078155834
dataset_split/val/仓鼠/227.jpg,1,仓鼠,1.0,仓鼠,2.0,兔子,6.0,鹦鹉,1.0,3.2675278e-05,0.9980392,0.0018043212,1.421188e-05,1.5326224e-05,2.9171788e-05,6.5263506e-05
dataset_split/val/仓鼠/230.jpg,1,仓鼠,1.0,仓鼠,2.0,兔子,4.0,猫,1.0,7.395287e-05,0.92927074,0.0642199,0.0003019403,0.00471232,0.00093917514,0.00048187157
dataset_split/val/仓鼠/234.jpg,1,仓鼠,1.0,仓鼠,2.0,兔子,5.0,金鱼,1.0,9.455939e-05,0.9981864,0.00111025,4.635901e-05,7.672507e-05,0.00041781322,6.788732e-05
dataset_split/val/仓鼠/235.png,1,仓鼠,1.0,仓鼠,2.0,兔子,4.0,猫,1.0,0.00026588078,0.9634903,0.017041396,0.00039368568,0.014267343,0.00056508457,0.0039762137
dataset_split/val/仓鼠/240.jpg,1,仓鼠,1.0,仓鼠,2.0,兔子,4.0,猫,1.0,2.9060817e-05,0.9323848,0.060272556,0.00041238943,0.004955304,0.00060197647,0.0013439425
dataset_split/val/仓鼠/265.jpg,1,仓鼠,1.0,仓鼠,2.0,兔子,6.0,鹦鹉,1.0,4.5033417e-07,0.99898154,0.0009962847,1.4140351e-06,6.963709e-06,4.111356e-06,9.153798e-06
dataset_split/val/仓鼠/276.jpg,1,仓鼠,1.0,仓鼠,2.0,兔子,4.0,猫,1.0,0.0001510195,0.9554312,0.036122143,0.00029725098,0.0072835917,0.00013042118,0.00058427453
dataset_split/val/仓鼠/286.jpg,1,仓鼠,2.0,兔子,1.0,仓鼠,4.0,猫,1.0,0.0006151895,0.13941015,0.822844,0.0023026022,0.021288201,0.0014876019,0.0120521905
dataset_split/val/仓鼠/287.jpg,1,仓鼠,4.0,猫,1.0,仓鼠,0.0,乌龟,1.0,0.055045743,0.244039,0.026735459,0.048149653,0.57409555,0.022004256,0.029930295
dataset_split/val/仓鼠/288.jpg,1,仓鼠,1.0,仓鼠,2.0,兔子,4.0,猫,1.0,6.973325e-05,0.98212117,0.015149,0.00010510867,0.001632364,0.00012167033,0.0008010045
dataset_split/val/仓鼠/292.jpg,1,仓鼠,1.0,仓鼠,2.0,兔子,6.0,鹦鹉,1.0,3.1857006e-05,0.590168,0.39527512,0.00043991357,0.0047611473,0.0003337691,0.008990211
dataset_split/val/仓鼠/295.jpg,1,仓鼠,1.0,仓鼠,2.0,兔子,4.0,猫,1.0,0.0007153281,0.68382937,0.1987535,0.0005297062,0.10683918,0.0024961226,0.006836816
dataset_split/val/仓鼠/308.jpg,1,仓鼠,1.0,仓鼠,2.0,兔子,6.0,鹦鹉,1.0,0.001282339,0.76526845,0.1972759,0.0009213888,0.012246782,0.0013197613,0.021685297
dataset_split/val/仓鼠/309.jpeg,1,仓鼠,1.0,仓鼠,5.0,金鱼,2.0,兔子,1.0,0.0007918313,0.7195478,0.12999377,0.0008010445,0.00094360823,0.14612924,0.0017926579
dataset_split/val/仓鼠/313.jpg,1,仓鼠,1.0,仓鼠,2.0,兔子,3.0,狗,1.0,9.752092e-05,0.88838375,0.061046917,0.02350407,0.010908768,0.00023822629,0.015820863
dataset_split/val/仓鼠/318.jpg,1,仓鼠,1.0,仓鼠,2.0,兔子,5.0,金鱼,1.0,0.00038353272,0.9625613,0.03205092,0.00033201918,0.0004770825,0.0038519106,0.0003432021
dataset_split/val/仓鼠/321.jpg,1,仓鼠,1.0,仓鼠,2.0,兔子,3.0,狗,1.0,0.00012480929,0.8705336,0.12125447,0.00610175,0.0018375345,5.1472398e-05,9.638022e-05
dataset_split/val/仓鼠/326.jpg,1,仓鼠,1.0,仓鼠,2.0,兔子,4.0,猫,1.0,0.0012650077,0.4745944,0.3139581,0.07986803,0.09093964,0.0010895223,0.03828532
dataset_split/val/仓鼠/329.jpg,1,仓鼠,1.0,仓鼠,4.0,猫,2.0,兔子,1.0,6.503856e-05,0.9668103,0.008710936,4.481248e-05,0.02399578,0.00015929672,0.00021382386
dataset_split/val/仓鼠/336.jpg,1,仓鼠,1.0,仓鼠,2.0,兔子,4.0,猫,1.0,0.005313281,0.5126998,0.38756207,0.007939861,0.084763,0.0013387122,0.00038326226
dataset_split/val/仓鼠/338.jpg,1,仓鼠,1.0,仓鼠,2.0,兔子,4.0,猫,1.0,3.3406617e-05,0.99668723,0.003150627,2.0217243e-05,4.8775277e-05,3.9550912e-05,2.0228466e-05
dataset_split/val/仓鼠/341.jpeg,1,仓鼠,1.0,仓鼠,2.0,兔子,4.0,猫,1.0,0.0005672879,0.97459394,0.01298535,0.0018808529,0.0069341636,0.0006216832,0.0024166985
dataset_split/val/仓鼠/344.jpeg,1,仓鼠,1.0,仓鼠,2.0,兔子,5.0,金鱼,1.0,0.0017636264,0.98156905,0.011530012,0.0007667521,0.0010212393,0.0020993836,0.0012498902
dataset_split/val/仓鼠/345.jpg,1,仓鼠,1.0,仓鼠,2.0,兔子,4.0,猫,1.0,0.00023111019,0.96303135,0.024593918,0.0035491653,0.0039770114,0.0010390675,0.0035784245
dataset_split/val/仓鼠/347.jpg,1,仓鼠,1.0,仓鼠,4.0,猫,5.0,金鱼,1.0,0.019554242,0.74394536,0.016929146,0.05443518,0.10051667,0.057068586,0.0075508878
dataset_split/val/仓鼠/348.jpg,1,仓鼠,1.0,仓鼠,2.0,兔子,5.0,金鱼,1.0,2.9128441e-05,0.99185807,0.0053909,8.607933e-05,0.00032571369,0.0016180507,0.00069197395
dataset_split/val/仓鼠/35.jpg,1,仓鼠,1.0,仓鼠,2.0,兔子,3.0,狗,1.0,0.0004897023,0.4851402,0.4669953,0.029410092,0.012739209,0.0031352593,0.0020901687
dataset_split/val/仓鼠/352.jpg,1,仓鼠,1.0,仓鼠,2.0,兔子,4.0,猫,1.0,0.00065662264,0.5677577,0.4186334,0.00040351474,0.01061714,0.00070114835,0.001230488
dataset_split/val/仓鼠/355.jpg,1,仓鼠,1.0,仓鼠,2.0,兔子,4.0,猫,1.0,7.769907e-05,0.978382,0.012236775,0.0010532056,0.0064518084,0.00015394633,0.001644561
dataset_split/val/仓鼠/356.jpg,1,仓鼠,1.0,仓鼠,2.0,兔子,6.0,鹦鹉,1.0,0.0016874783,0.86033404,0.11115604,0.003947784,0.0054680184,0.007872197,0.009534393
dataset_split/val/仓鼠/366.jpg,1,仓鼠,1.0,仓鼠,2.0,兔子,4.0,猫,1.0,7.169323e-05,0.9661606,0.028441744,0.00069839746,0.0030274533,0.0012191809,0.00038096748
dataset_split/val/仓鼠/369.jpg,1,仓鼠,1.0,仓鼠,2.0,兔子,6.0,鹦鹉,1.0,0.00047865117,0.89641255,0.069734424,0.010745765,0.0052702394,0.00092695776,0.01643139
dataset_split/val/仓鼠/375.jpg,1,仓鼠,1.0,仓鼠,2.0,兔子,4.0,猫,1.0,4.254969e-05,0.9879655,0.0067961668,0.00018417867,0.0027291547,0.001428442,0.0008538688
dataset_split/val/仓鼠/390.jpg,1,仓鼠,1.0,仓鼠,3.0,狗,4.0,猫,1.0,0.0021131267,0.64858854,0.0341317,0.20818904,0.0974687,0.0039221016,0.005586873
dataset_split/val/仓鼠/4.png,1,仓鼠,1.0,仓鼠,2.0,兔子,6.0,鹦鹉,1.0,6.7898065e-05,0.88947326,0.1083989,0.0001390791,0.00078953814,0.00018526707,0.000946017
dataset_split/val/仓鼠/400.jpg,1,仓鼠,1.0,仓鼠,2.0,兔子,4.0,猫,1.0,0.00013286766,0.9837466,0.010961129,0.00022732397,0.0037222372,0.00033273528,0.000877211
dataset_split/val/仓鼠/404.jpg,1,仓鼠,1.0,仓鼠,3.0,狗,4.0,猫,1.0,1.0732698e-05,0.98853,0.00066892727,0.007517453,0.0031987177,2.8582612e-05,4.5578458e-05
dataset_split/val/仓鼠/408.jpg,1,仓鼠,1.0,仓鼠,6.0,鹦鹉,2.0,兔子,1.0,0.0011406515,0.9672686,0.008175339,0.0055161943,0.0016688986,0.0007249846,0.015505385
dataset_split/val/仓鼠/42.jpg,1,仓鼠,1.0,仓鼠,6.0,鹦鹉,2.0,兔子,1.0,0.00011011508,0.86701775,0.055700533,0.0008971896,0.006308539,0.0021973674,0.067768484
dataset_split/val/仓鼠/424.jpg,1,仓鼠,1.0,仓鼠,4.0,猫,5.0,金鱼,1.0,0.009981912,0.7300444,0.00957698,0.007878906,0.20853508,0.0234598,0.010522939
dataset_split/val/仓鼠/433.jpg,1,仓鼠,1.0,仓鼠,2.0,兔子,4.0,猫,1.0,0.0004119746,0.96796185,0.02513597,4.449599e-05,0.006345488,7.3049276e-05,2.7140411e-05
dataset_split/val/仓鼠/44.jpg,1,仓鼠,1.0,仓鼠,2.0,兔子,6.0,鹦鹉,1.0,8.289337e-05,0.937635,0.055034038,0.0003422877,0.0006045348,0.0031295165,0.0031718346
dataset_split/val/仓鼠/444.jpg,1,仓鼠,1.0,仓鼠,2.0,兔子,4.0,猫,1.0,1.9307485e-05,0.9757671,0.01981681,0.00139918,0.0016241951,0.0006044409,0.00076902594
dataset_split/val/仓鼠/449.jpg,1,仓鼠,1.0,仓鼠,2.0,兔子,4.0,猫,1.0,0.00022740805,0.93003607,0.05429852,0.0037348324,0.008115671,0.0015737148,0.002013866
dataset_split/val/仓鼠/469.jpg,1,仓鼠,1.0,仓鼠,0.0,乌龟,5.0,金鱼,1.0,0.08097287,0.8147773,0.010302186,0.014431857,0.02406796,0.044271704,0.011176195
dataset_split/val/仓鼠/49.jpg,1,仓鼠,1.0,仓鼠,2.0,兔子,5.0,金鱼,1.0,0.00028787577,0.94767374,0.03831273,0.00012670152,0.00016829353,0.00822097,0.0052096583
dataset_split/val/仓鼠/51.jpg,1,仓鼠,1.0,仓鼠,2.0,兔子,6.0,鹦鹉,1.0,3.0488882e-05,0.9914717,0.007608669,2.2949342e-05,5.4213317e-05,2.3410681e-05,0.00078861066
dataset_split/val/仓鼠/52.jpg,1,仓鼠,1.0,仓鼠,2.0,兔子,6.0,鹦鹉,1.0,2.5307154e-05,0.99148166,0.0047123674,6.7438785e-05,6.458539e-05,0.0005291662,0.0031194172
dataset_split/val/仓鼠/58.jpeg,1,仓鼠,1.0,仓鼠,2.0,兔子,4.0,猫,1.0,3.2220603e-05,0.96372575,0.032966074,4.9742557e-05,0.0018481787,0.00042030626,0.0009578057
dataset_split/val/仓鼠/59.jpg,1,仓鼠,1.0,仓鼠,2.0,兔子,6.0,鹦鹉,1.0,2.3483444e-06,0.994863,0.005060705,7.67618e-07,4.410408e-06,3.1582334e-05,3.731903e-05
dataset_split/val/仓鼠/64.jpg,1,仓鼠,1.0,仓鼠,2.0,兔子,4.0,猫,1.0,0.00019379368,0.9586953,0.034523245,0.00039118473,0.004523042,0.00065178593,0.0010216159
dataset_split/val/仓鼠/65.jpg,1,仓鼠,1.0,仓鼠,2.0,兔子,4.0,猫,1.0,0.0022746907,0.98696,0.005887466,0.00072438864,0.0036348728,0.00030199907,0.00021657186
dataset_split/val/仓鼠/7.jpg,1,仓鼠,1.0,仓鼠,2.0,兔子,4.0,猫,1.0,1.0224198e-05,0.9872917,0.009817239,0.00011375735,0.0021821903,0.00016320385,0.00042152306
dataset_split/val/仓鼠/71.jpg,1,仓鼠,1.0,仓鼠,2.0,兔子,4.0,猫,1.0,0.00016070447,0.9458174,0.051366933,0.0005352715,0.0016252237,0.00023079115,0.00026363588
dataset_split/val/仓鼠/73.jpg,1,仓鼠,1.0,仓鼠,2.0,兔子,4.0,猫,1.0,2.2051125e-05,0.9707512,0.024424188,0.000787712,0.0014901483,0.0014825512,0.0010421152
dataset_split/val/仓鼠/76.jpg,1,仓鼠,1.0,仓鼠,2.0,兔子,4.0,猫,1.0,0.000534122,0.9347424,0.030955048,0.007573012,0.015999662,0.002510729,0.0076850043
dataset_split/val/仓鼠/8.png,1,仓鼠,1.0,仓鼠,2.0,兔子,4.0,猫,1.0,0.00039899265,0.9685518,0.017778106,0.00057962886,0.008416979,0.0008547778,0.003419757
dataset_split/val/仓鼠/86.jpg,1,仓鼠,1.0,仓鼠,2.0,兔子,4.0,猫,1.0,9.102864e-06,0.9971505,0.002593677,1.0964507e-05,0.000131712,2.351784e-05,8.062611e-05
dataset_split/val/仓鼠/89.jpg,1,仓鼠,1.0,仓鼠,2.0,兔子,5.0,金鱼,1.0,0.0006391401,0.9279965,0.060858797,0.0010658462,0.0014125622,0.0040436825,0.0039834296
dataset_split/val/仓鼠/93.jpg,1,仓鼠,1.0,仓鼠,2.0,兔子,4.0,猫,1.0,5.834149e-05,0.9772469,0.0173764,0.0005796866,0.002571353,0.0006507226,0.0015165817
dataset_split/val/仓鼠/94.jpg,1,仓鼠,1.0,仓鼠,2.0,兔子,4.0,猫,1.0,6.322241e-05,0.9711023,0.028305585,2.1673428e-05,0.00036049075,4.1397314e-05,0.00010529098
dataset_split/val/兔子/15.jpg,2,兔子,2.0,兔子,4.0,猫,6.0,鹦鹉,1.0,0.00017114346,0.002405741,0.89943194,0.0007920328,0.09275125,0.00058218936,0.0038656997
dataset_split/val/兔子/163.jpg,2,兔子,2.0,兔子,1.0,仓鼠,5.0,金鱼,1.0,3.901576e-07,9.8828714e-05,0.9998796,2.1406324e-06,6.0863354e-06,1.1480353e-05,1.5571932e-06
dataset_split/val/兔子/166.jpg,2,兔子,2.0,兔子,1.0,仓鼠,3.0,狗,1.0,0.00044140368,0.101209186,0.82466066,0.04842967,0.014214085,0.0010408727,0.010004168
dataset_split/val/兔子/171.jpg,2,兔子,2.0,兔子,1.0,仓鼠,4.0,猫,1.0,2.0173431e-06,0.003932827,0.99593437,3.3616948e-06,5.7909077e-05,4.1216583e-05,2.8282204e-05
dataset_split/val/兔子/173.jpg,2,兔子,2.0,兔子,1.0,仓鼠,4.0,猫,1.0,2.352407e-05,0.02420445,0.97087204,0.0009275931,0.0016828112,0.0007008969,0.0015887261
dataset_split/val/兔子/182.jpg,2,兔子,2.0,兔子,1.0,仓鼠,4.0,猫,1.0,3.2537698e-06,0.013538345,0.9850581,0.00017849875,0.0010112276,1.8250714e-05,0.00019238442
dataset_split/val/兔子/184.jpg,2,兔子,2.0,兔子,1.0,仓鼠,4.0,猫,1.0,3.0315065e-05,0.018976558,0.97835666,0.00088182435,0.0014008678,0.0001838254,0.00016993159
dataset_split/val/兔子/191.jpg,2,兔子,2.0,兔子,1.0,仓鼠,4.0,猫,1.0,2.1090804e-05,0.011076787,0.9882052,1.650008e-05,0.00034578878,0.00023655604,9.8133336e-05
dataset_split/val/兔子/194.jpg,2,兔子,2.0,兔子,1.0,仓鼠,3.0,狗,1.0,0.0003153305,0.2539986,0.6854109,0.027685195,0.026608195,0.0005719795,0.0054097716
dataset_split/val/兔子/195.jpg,2,兔子,2.0,兔子,4.0,猫,1.0,仓鼠,1.0,8.4119274e-05,0.011430636,0.9405894,0.00038802455,0.04589255,0.0010211533,0.0005941953
dataset_split/val/兔子/197.jpg,2,兔子,2.0,兔子,4.0,猫,1.0,仓鼠,1.0,0.0016366442,0.18815686,0.43673742,0.009566515,0.34182683,0.002990181,0.019085504
dataset_split/val/兔子/198.jpg,2,兔子,2.0,兔子,1.0,仓鼠,4.0,猫,1.0,2.9531434e-06,0.00040831516,0.9991743,1.3920232e-05,0.0003664385,2.305151e-05,1.1109127e-05
dataset_split/val/兔子/202.jpg,2,兔子,2.0,兔子,1.0,仓鼠,4.0,猫,1.0,9.372002e-06,0.06935927,0.9281106,0.0008749423,0.0015067989,1.4191169e-05,0.00012478317
dataset_split/val/兔子/204.jpg,2,兔子,2.0,兔子,3.0,狗,1.0,仓鼠,1.0,0.00023899216,0.073004775,0.62973857,0.25693458,0.011880059,0.00089528394,0.027307749
dataset_split/val/兔子/205.jpg,2,兔子,2.0,兔子,1.0,仓鼠,4.0,猫,1.0,7.0266054e-08,9.088253e-05,0.9998939,1.1927499e-06,1.1061067e-05,2.5265617e-06,3.8407214e-07
dataset_split/val/兔子/206.jpg,2,兔子,2.0,兔子,1.0,仓鼠,4.0,猫,1.0,1.698153e-05,0.00093065633,0.99843997,1.9471743e-05,0.0005431572,2.1782895e-05,2.8020462e-05
dataset_split/val/兔子/209.jpg,2,兔子,2.0,兔子,4.0,猫,1.0,仓鼠,1.0,3.1723112e-06,0.00038142558,0.9985788,3.408865e-05,0.0009525992,2.132062e-05,2.8611885e-05
dataset_split/val/兔子/212.jpg,2,兔子,2.0,兔子,1.0,仓鼠,4.0,猫,1.0,8.587941e-05,0.09795225,0.89467365,0.00014189995,0.0056895823,0.0011681777,0.00028854015
dataset_split/val/兔子/225.jpg,2,兔子,2.0,兔子,1.0,仓鼠,4.0,猫,1.0,7.419767e-05,0.00085891056,0.9983151,0.0002898326,0.0003290428,8.187533e-05,5.1027757e-05
dataset_split/val/兔子/226.jpg,2,兔子,2.0,兔子,3.0,狗,1.0,仓鼠,1.0,0.0006811809,0.11056917,0.65109056,0.15814121,0.06909417,0.0033496239,0.007074062
dataset_split/val/兔子/233.jpg,2,兔子,2.0,兔子,1.0,仓鼠,4.0,猫,1.0,1.0792696e-05,0.027973456,0.9604045,0.0003220588,0.009517416,0.001106762,0.00066500314
dataset_split/val/兔子/234.jpg,2,兔子,2.0,兔子,3.0,狗,1.0,仓鼠,1.0,2.5342724e-05,0.0021758417,0.9929387,0.0022312691,0.002074353,0.00016155424,0.00039302936
dataset_split/val/兔子/235.jpg,2,兔子,2.0,兔子,1.0,仓鼠,4.0,猫,1.0,3.214344e-06,0.0007571816,0.9984914,3.3644697e-05,0.0006743076,2.2553177e-05,1.7709233e-05
dataset_split/val/兔子/236.png,2,兔子,2.0,兔子,3.0,狗,6.0,鹦鹉,1.0,0.00022575041,0.0028085234,0.8996361,0.0871459,0.003981892,0.0012223898,0.0049795373
dataset_split/val/兔子/240.jpg,2,兔子,2.0,兔子,4.0,猫,1.0,仓鼠,1.0,0.0005067379,0.0015242399,0.993701,0.0013818569,0.0024021869,0.00012039087,0.0003635472
dataset_split/val/兔子/241.jpg,2,兔子,3.0,狗,1.0,仓鼠,2.0,兔子,1.0,0.0001454941,0.00391015,0.0019256271,0.992886,0.00027487968,0.000116266354,0.00074158516
dataset_split/val/兔子/25.jpeg,2,兔子,2.0,兔子,3.0,狗,4.0,猫,1.0,0.00023001879,0.00283488,0.91796345,0.05897355,0.017470773,0.00020858017,0.0023187238
dataset_split/val/兔子/254.jpg,2,兔子,2.0,兔子,1.0,仓鼠,4.0,猫,1.0,1.5453163e-05,0.0017533101,0.9963606,7.8638855e-05,0.0010582929,0.00011021408,0.0006235112
dataset_split/val/兔子/267.jpg,2,兔子,2.0,兔子,1.0,仓鼠,4.0,猫,1.0,6.280835e-07,0.007161497,0.99278885,3.0672281e-06,2.1994736e-05,1.0017319e-05,1.3921577e-05
dataset_split/val/兔子/273.jpg,2,兔子,2.0,兔子,1.0,仓鼠,4.0,猫,1.0,0.0007695691,0.16628195,0.8127169,0.0012805972,0.016078832,0.0012279262,0.0016442338
dataset_split/val/兔子/278.jpg,2,兔子,2.0,兔子,4.0,猫,1.0,仓鼠,1.0,1.6723716e-07,1.2420629e-05,0.9999393,2.0381276e-06,3.6829653e-05,8.756482e-06,4.9031263e-07
dataset_split/val/兔子/279.jpg,2,兔子,2.0,兔子,1.0,仓鼠,3.0,狗,1.0,0.002015979,0.22110493,0.7606695,0.0063774623,0.0027048346,0.0051906924,0.0019364938
dataset_split/val/兔子/284.jpg,2,兔子,2.0,兔子,1.0,仓鼠,3.0,狗,1.0,8.20537e-06,0.0010045955,0.99866414,0.00016818667,9.219517e-05,3.2495733e-05,3.0267523e-05
dataset_split/val/兔子/285.jpg,2,兔子,2.0,兔子,1.0,仓鼠,3.0,狗,1.0,6.552773e-06,0.0011468822,0.998741,5.1367642e-05,2.3401013e-05,6.5521976e-06,2.4289291e-05
dataset_split/val/兔子/286.jpg,2,兔子,2.0,兔子,1.0,仓鼠,3.0,狗,1.0,0.000115689734,0.018062634,0.9732035,0.0050514266,0.0021640556,0.0006765673,0.0007262545
dataset_split/val/兔子/289.jpg,2,兔子,2.0,兔子,1.0,仓鼠,4.0,猫,1.0,0.00040300927,0.4015191,0.4577182,0.00018173776,0.12077568,0.01800563,0.0013966641
dataset_split/val/兔子/292.jpg,2,兔子,2.0,兔子,3.0,狗,4.0,猫,1.0,0.015488936,0.025111672,0.59400535,0.19388996,0.1655775,0.0041959607,0.0017306359
dataset_split/val/兔子/295.jpg,2,兔子,2.0,兔子,4.0,猫,1.0,仓鼠,1.0,0.0011368489,0.0071056657,0.9508096,0.0004125408,0.039746795,0.00017333991,0.000615294
dataset_split/val/兔子/298.jpg,2,兔子,2.0,兔子,1.0,仓鼠,4.0,猫,1.0,2.3368618e-06,0.0007817596,0.9990638,3.5240984e-05,4.426727e-05,2.9355308e-05,4.333062e-05
dataset_split/val/兔子/307.jpg,2,兔子,2.0,兔子,1.0,仓鼠,4.0,猫,1.0,2.5538955e-06,0.0029335942,0.99573934,6.811514e-05,0.0010846006,0.0001276392,4.421255e-05
dataset_split/val/兔子/315.jpg,2,兔子,2.0,兔子,1.0,仓鼠,4.0,猫,1.0,1.6084344e-07,6.307499e-05,0.9999107,4.8627967e-06,1.8164004e-05,2.9816832e-07,2.7974218e-06
dataset_split/val/兔子/328.jpg,2,兔子,2.0,兔子,1.0,仓鼠,4.0,猫,1.0,8.087155e-06,0.19716115,0.80097824,0.000103567916,0.0009407945,0.00010538895,0.0007027713
dataset_split/val/兔子/33.jpg,2,兔子,2.0,兔子,4.0,猫,1.0,仓鼠,1.0,1.3233321e-05,0.001049107,0.990352,0.00014647901,0.008027946,0.00035062974,6.0703533e-05
dataset_split/val/兔子/330.jpg,2,兔子,2.0,兔子,1.0,仓鼠,5.0,金鱼,1.0,1.9934414e-06,0.0009713147,0.9989519,1.5065392e-06,1.8507815e-05,4.4351305e-05,1.0331029e-05
dataset_split/val/兔子/336.jpg,2,兔子,2.0,兔子,4.0,猫,1.0,仓鼠,1.0,3.8967733e-05,0.0010081234,0.9854256,0.0008237658,0.012365535,0.00010209873,0.00023588234
dataset_split/val/兔子/340.jpg,2,兔子,2.0,兔子,1.0,仓鼠,6.0,鹦鹉,1.0,0.0017309304,0.064176306,0.8890303,0.014305789,0.00981861,0.004635436,0.016302615
dataset_split/val/兔子/341.jpg,2,兔子,2.0,兔子,1.0,仓鼠,4.0,猫,1.0,0.0002029522,0.37292835,0.37519896,0.014910614,0.19438896,0.03700986,0.005360272
dataset_split/val/兔子/375.jpg,2,兔子,2.0,兔子,1.0,仓鼠,6.0,鹦鹉,1.0,0.00010213601,0.005382426,0.99352646,4.9539518e-05,0.00023608685,0.00017968284,0.0005235573
dataset_split/val/兔子/40.jpg,2,兔子,2.0,兔子,4.0,猫,1.0,仓鼠,1.0,7.2059556e-05,0.03509584,0.9155725,0.0025492364,0.04396588,0.0003690832,0.0023754358
dataset_split/val/兔子/403.jpg,2,兔子,3.0,狗,1.0,仓鼠,4.0,猫,0.0,0.008312715,0.2623084,0.078347936,0.3964183,0.18301287,0.023250053,0.04834972
dataset_split/val/兔子/487.jpg,2,兔子,4.0,猫,3.0,狗,2.0,兔子,1.0,0.08866569,0.05402042,0.15233341,0.28702205,0.31892875,0.05153398,0.047495633
dataset_split/val/兔子/50.jpeg,2,兔子,2.0,兔子,1.0,仓鼠,3.0,狗,1.0,2.6336124e-06,0.00032748934,0.9994999,0.00011476044,3.6338493e-05,4.751818e-06,1.4100684e-05
dataset_split/val/兔子/65.jpg,2,兔子,2.0,兔子,1.0,仓鼠,4.0,猫,1.0,0.0006667419,0.018239373,0.96456546,0.003421229,0.01211293,0.0002846806,0.00070956507
dataset_split/val/兔子/83.jpg,2,兔子,2.0,兔子,1.0,仓鼠,0.0,乌龟,1.0,0.00040785407,0.00444888,0.99450725,8.6530774e-05,0.00032427802,0.00015272693,7.259494e-05
dataset_split/val/兔子/84.jpeg,2,兔子,2.0,兔子,4.0,猫,3.0,狗,1.0,2.6520242e-05,0.001511849,0.9749449,0.0046664854,0.01781927,0.00085138564,0.00017953111
dataset_split/val/兔子/9.jpg,2,兔子,2.0,兔子,1.0,仓鼠,4.0,猫,1.0,2.0551557e-05,0.023678945,0.9707097,0.0002597788,0.0037968787,0.000120031225,0.0014141828
dataset_split/val/兔子/91.jpg,2,兔子,1.0,仓鼠,4.0,猫,2.0,兔子,1.0,0.0032477975,0.6456963,0.075650185,0.03251279,0.22375508,0.0066025904,0.012535264
dataset_split/val/兔子/92.jpeg,2,兔子,1.0,仓鼠,2.0,兔子,4.0,猫,1.0,0.0024605575,0.8158142,0.15180849,0.0027922085,0.016784031,0.002196044,0.008144483
dataset_split/val/兔子/93.jpg,2,兔子,2.0,兔子,6.0,鹦鹉,1.0,仓鼠,1.0,2.7486583e-05,0.0036024495,0.98976105,0.0009924817,0.00074410194,0.00020833389,0.004663971
dataset_split/val/兔子/97.jpg,2,兔子,3.0,狗,2.0,兔子,1.0,仓鼠,1.0,0.00083873176,0.046465147,0.42029396,0.4951308,0.03486321,0.0002392624,0.0021688612
dataset_split/val/狗/108.jpg,3,狗,3.0,狗,4.0,猫,1.0,仓鼠,1.0,0.0023927223,0.011918876,0.011029294,0.9434292,0.02864976,0.00095322536,0.0016269094
dataset_split/val/狗/109.jpg,3,狗,3.0,狗,1.0,仓鼠,4.0,猫,1.0,9.2214264e-05,0.022032805,0.010784364,0.95141923,0.013008303,0.00079426565,0.0018687875
dataset_split/val/狗/110.jpg,3,狗,3.0,狗,1.0,仓鼠,2.0,兔子,1.0,1.5449612e-05,0.0076200804,0.0054953387,0.9837362,0.003013066,4.0313316e-05,7.961707e-05
dataset_split/val/狗/112.jpg,3,狗,3.0,狗,2.0,兔子,4.0,猫,1.0,0.00031859477,0.0025788501,0.010432054,0.9762347,0.008173896,0.0011758198,0.0010861678
dataset_split/val/狗/117.jpg,3,狗,3.0,狗,5.0,金鱼,6.0,鹦鹉,1.0,0.0033821568,0.0016288679,0.00846784,0.95301104,0.0055876924,0.014018852,0.013903537
dataset_split/val/狗/132.jpeg,3,狗,3.0,狗,4.0,猫,6.0,鹦鹉,1.0,8.794043e-05,0.00023918688,0.00023234026,0.9983411,0.00049854536,0.00014232342,0.0004584905
dataset_split/val/狗/144.jpg,3,狗,3.0,狗,4.0,猫,2.0,兔子,1.0,0.0014694283,0.029517358,0.048276015,0.82417756,0.09558922,0.00066805416,0.00030229296
dataset_split/val/狗/145.jpeg,3,狗,3.0,狗,1.0,仓鼠,4.0,猫,1.0,0.0004470323,0.060047846,0.0037500819,0.9282662,0.0058996817,0.0010863439,0.00050275814
dataset_split/val/狗/146.jpg,3,狗,3.0,狗,2.0,兔子,4.0,猫,1.0,0.0007308115,0.034584705,0.232134,0.6706246,0.057227448,8.751065e-05,0.004610889
dataset_split/val/狗/15.jpg,3,狗,3.0,狗,1.0,仓鼠,2.0,兔子,1.0,5.7210953e-05,0.008461724,0.0061306907,0.9780788,0.0058196085,0.0010916414,0.00036035333
dataset_split/val/狗/153.jpg,3,狗,3.0,狗,1.0,仓鼠,5.0,金鱼,1.0,0.00025147418,0.0017226803,0.00014233802,0.994975,0.0007132556,0.0016812024,0.00051415636
dataset_split/val/狗/170.jpg,3,狗,3.0,狗,1.0,仓鼠,5.0,金鱼,1.0,0.0009725331,0.0019783748,0.00045047942,0.9937801,0.00021234328,0.0018708456,0.00073528435
dataset_split/val/狗/184.jpg,3,狗,3.0,狗,4.0,猫,5.0,金鱼,1.0,0.0032819894,0.022723768,0.02953466,0.6316055,0.2449802,0.05836543,0.009508434
dataset_split/val/狗/185.jpg,3,狗,3.0,狗,2.0,兔子,4.0,猫,1.0,0.00041989572,0.003149299,0.005919065,0.9852411,0.004691104,0.00047978936,9.9779914e-05
dataset_split/val/狗/189.jpg,3,狗,3.0,狗,2.0,兔子,4.0,猫,1.0,0.0003060985,0.0015117595,0.027623935,0.9594394,0.009281985,0.0004659117,0.0013709704
dataset_split/val/狗/190.jpeg,3,狗,3.0,狗,4.0,猫,1.0,仓鼠,1.0,0.0004026812,0.01010674,0.0044054235,0.86390334,0.11889728,0.0009082474,0.0013762735
dataset_split/val/狗/192.jpg,3,狗,3.0,狗,1.0,仓鼠,4.0,猫,1.0,0.0008987344,0.04198821,0.007380702,0.92545366,0.023321092,0.0005923154,0.00036522583
dataset_split/val/狗/193.jpeg,3,狗,3.0,狗,4.0,猫,2.0,兔子,1.0,0.00032693666,0.0031084984,0.003956668,0.98693526,0.0042664357,0.00031408705,0.0010921605
dataset_split/val/狗/194.jpg,3,狗,3.0,狗,2.0,兔子,1.0,仓鼠,1.0,0.0013804219,0.013437255,0.021947237,0.9554825,0.0020483993,0.00070482196,0.004999349
dataset_split/val/狗/198.jpg,3,狗,3.0,狗,4.0,猫,2.0,兔子,1.0,2.3387305e-05,0.000120338686,0.00018957372,0.99902916,0.0005010293,0.00010617502,3.0349647e-05
dataset_split/val/狗/2.jpg,3,狗,3.0,狗,2.0,兔子,4.0,猫,1.0,8.1723365e-06,0.0011472573,0.009148749,0.982024,0.007038004,0.00041618384,0.0002176742
dataset_split/val/狗/211.jpg,3,狗,3.0,狗,2.0,兔子,6.0,鹦鹉,1.0,5.7790443e-05,0.00014507388,0.0014055097,0.99673885,0.0006133914,0.00014784664,0.00089152134
dataset_split/val/狗/212.jpg,3,狗,3.0,狗,4.0,猫,2.0,兔子,1.0,0.00018404184,0.0013699327,0.0037931546,0.9886834,0.0047994847,0.00077714294,0.0003928709
dataset_split/val/狗/232.jpg,3,狗,3.0,狗,1.0,仓鼠,2.0,兔子,1.0,0.002036101,0.04285556,0.027182125,0.892894,0.019736815,0.00830991,0.006985444
dataset_split/val/狗/238.jpg,3,狗,3.0,狗,4.0,猫,2.0,兔子,1.0,0.00022068527,0.0014291073,0.0023560266,0.9705278,0.024256013,0.0009818365,0.00022846993
dataset_split/val/狗/243.jpg,3,狗,3.0,狗,4.0,猫,1.0,仓鼠,1.0,9.447123e-06,0.0009931079,0.0008693642,0.9968123,0.0012084726,2.1799753e-05,8.556129e-05
dataset_split/val/狗/245.jpeg,3,狗,3.0,狗,2.0,兔子,6.0,鹦鹉,1.0,0.0007531603,0.0079174945,0.052583694,0.9176562,0.0070906333,0.0006295159,0.013369363
dataset_split/val/狗/247.jpg,3,狗,3.0,狗,2.0,兔子,4.0,猫,1.0,0.0013481095,0.023477556,0.08571344,0.7886739,0.06964707,0.003227396,0.027912585
dataset_split/val/狗/255.jpg,3,狗,3.0,狗,4.0,猫,1.0,仓鼠,1.0,0.00079629204,0.022346715,0.018461797,0.73300797,0.22247085,0.0013925005,0.0015238718
dataset_split/val/狗/262.jpg,3,狗,3.0,狗,1.0,仓鼠,2.0,兔子,1.0,0.0011437031,0.05475839,0.0099457195,0.9204061,0.00516802,0.0071809655,0.0013970525
dataset_split/val/狗/264.jpg,3,狗,3.0,狗,4.0,猫,1.0,仓鼠,1.0,1.4525656e-05,0.00027882057,0.00011174717,0.99893254,0.0005034071,8.57845e-05,7.3128285e-05
dataset_split/val/狗/269.jpg,3,狗,3.0,狗,4.0,猫,2.0,兔子,1.0,3.6584643e-05,0.0007852412,0.008863492,0.97600377,0.0133324275,0.0008539147,0.00012459063
dataset_split/val/狗/27.jpg,3,狗,3.0,狗,6.0,鹦鹉,2.0,兔子,1.0,0.0012413419,0.00088025327,0.0028568744,0.98697007,0.0020023775,0.0012441407,0.0048049223
dataset_split/val/狗/273.jpg,3,狗,3.0,狗,4.0,猫,1.0,仓鼠,1.0,0.0003544353,0.011834927,0.011019216,0.95132554,0.019043546,0.0011725671,0.0052496768
dataset_split/val/狗/274.jpg,3,狗,3.0,狗,4.0,猫,2.0,兔子,1.0,3.211584e-05,0.000427438,0.0019708332,0.9945358,0.002175565,0.0007280166,0.00013027982
dataset_split/val/狗/277.jpg,3,狗,3.0,狗,6.0,鹦鹉,0.0,乌龟,1.0,0.0024299796,0.00056909944,0.0010645703,0.9894014,0.0021419507,0.0006881469,0.003704854
dataset_split/val/狗/285.jpg,3,狗,3.0,狗,2.0,兔子,6.0,鹦鹉,1.0,0.00018799872,0.00012946484,0.001192193,0.9962148,0.0009813074,0.0001296472,0.0011645203
dataset_split/val/狗/287.jpg,3,狗,3.0,狗,4.0,猫,2.0,兔子,1.0,3.933256e-05,0.0013985204,0.0044795866,0.98816645,0.0051904856,0.00020121521,0.00052450673
dataset_split/val/狗/289.jpg,3,狗,3.0,狗,4.0,猫,2.0,兔子,1.0,0.00045138827,0.0025628158,0.010378213,0.96279216,0.014178052,0.008591307,0.0010460357
dataset_split/val/狗/293.jpg,3,狗,3.0,狗,2.0,兔子,1.0,仓鼠,1.0,0.0031674067,0.028551126,0.056717627,0.8753602,0.008620257,0.0022371039,0.02534624
dataset_split/val/狗/299.jpg,3,狗,3.0,狗,1.0,仓鼠,4.0,猫,1.0,0.00082231255,0.02634189,0.0010712032,0.96111774,0.0062002363,0.0008910537,0.0035556268
dataset_split/val/狗/3.jpg,3,狗,3.0,狗,6.0,鹦鹉,2.0,兔子,1.0,0.00018865519,0.002505173,0.0037129198,0.9849872,0.00063688983,8.595537e-05,0.007883181
dataset_split/val/狗/300.jpg,3,狗,3.0,狗,4.0,猫,2.0,兔子,1.0,3.712048e-06,5.0456445e-05,0.00030536923,0.9982482,0.0013544082,1.8456754e-05,1.9415513e-05
dataset_split/val/狗/302.jpg,3,狗,3.0,狗,2.0,兔子,4.0,猫,1.0,0.0002148065,0.0024499572,0.007984623,0.9800348,0.0077403425,0.00088701915,0.00068842754
dataset_split/val/狗/304.jpg,3,狗,3.0,狗,1.0,仓鼠,2.0,兔子,1.0,5.8362284e-06,0.000933011,0.0005068862,0.99791175,0.00048022752,0.00011427984,4.800588e-05
dataset_split/val/狗/306.jpg,3,狗,3.0,狗,6.0,鹦鹉,5.0,金鱼,1.0,0.019241553,0.009802758,0.007177133,0.82853436,0.009581409,0.021797044,0.10386578
dataset_split/val/狗/309.jpg,3,狗,3.0,狗,4.0,猫,2.0,兔子,1.0,0.0004935328,0.017924085,0.019610113,0.78884333,0.17084606,0.0010423178,0.0012405253
dataset_split/val/狗/321.jpeg,3,狗,3.0,狗,2.0,兔子,4.0,猫,1.0,0.0036741726,0.027326584,0.05153379,0.8651959,0.04038916,0.0006412003,0.011239194
dataset_split/val/狗/322.jpg,3,狗,3.0,狗,4.0,猫,2.0,兔子,1.0,0.00017162485,0.010481668,0.011609663,0.9088229,0.06638209,0.00092437025,0.0016076418
dataset_split/val/狗/33.jpg,3,狗,3.0,狗,1.0,仓鼠,4.0,猫,1.0,0.0019194385,0.023336751,0.002913113,0.96073943,0.008388856,0.0011653368,0.0015370158
dataset_split/val/狗/333.jpeg,3,狗,3.0,狗,4.0,猫,5.0,金鱼,1.0,0.00056099234,0.010390074,0.0077967844,0.854447,0.11171229,0.014193586,0.00089928927
dataset_split/val/狗/338.jpg,3,狗,3.0,狗,4.0,猫,1.0,仓鼠,1.0,0.0003786504,0.0041822963,0.0017200708,0.9572203,0.03406893,0.0012020536,0.0012276594
dataset_split/val/狗/347.jpg,3,狗,3.0,狗,4.0,猫,1.0,仓鼠,1.0,0.0041945186,0.015967717,0.012396324,0.91078556,0.04056592,0.0048742252,0.011215687
dataset_split/val/狗/350.jpg,3,狗,3.0,狗,4.0,猫,2.0,兔子,1.0,5.897361e-05,0.0012909188,0.0037475757,0.9720454,0.021007836,0.0006718085,0.0011775218
dataset_split/val/狗/358.jpeg,3,狗,3.0,狗,4.0,猫,2.0,兔子,1.0,0.0033350675,0.05580117,0.07600657,0.6339345,0.21566571,0.0064228117,0.008834151
dataset_split/val/狗/359.jpg,3,狗,3.0,狗,1.0,仓鼠,2.0,兔子,1.0,0.00016425831,0.0023666364,0.001895778,0.9924385,0.0014055099,0.00057502737,0.0011543727
dataset_split/val/狗/360.jpg,3,狗,3.0,狗,2.0,兔子,4.0,猫,1.0,0.00014110845,0.0006314159,0.008342739,0.9844245,0.004418274,0.00069911306,0.0013427932
dataset_split/val/狗/372.jpg,3,狗,3.0,狗,2.0,兔子,4.0,猫,1.0,0.0005569254,0.0031271833,0.032859072,0.9226851,0.028939433,0.0038007386,0.008031551
dataset_split/val/狗/378.jpeg,3,狗,3.0,狗,1.0,仓鼠,4.0,猫,1.0,0.0014409102,0.0028762093,0.000611363,0.9926293,0.0018734104,0.0004911652,7.772593e-05
dataset_split/val/狗/382.jpg,3,狗,3.0,狗,4.0,猫,6.0,鹦鹉,1.0,0.00010296784,0.00015484657,0.00054091035,0.9963458,0.001606811,0.0003889981,0.00085966784
dataset_split/val/狗/393.jpg,3,狗,3.0,狗,4.0,猫,2.0,兔子,1.0,0.00021283812,0.010972133,0.017230373,0.9257553,0.039028026,0.004328971,0.002472283
dataset_split/val/狗/395.jpg,3,狗,3.0,狗,4.0,猫,2.0,兔子,1.0,0.00018220846,0.002134075,0.014150308,0.90655595,0.074504934,0.0010673137,0.0014052326
dataset_split/val/狗/397.jpg,3,狗,3.0,狗,6.0,鹦鹉,5.0,金鱼,1.0,0.00023345153,0.00014615168,0.00017632202,0.993723,0.0009797317,0.0021103958,0.002630985
dataset_split/val/狗/401.jpg,3,狗,3.0,狗,2.0,兔子,1.0,仓鼠,1.0,0.00014677792,0.005139566,0.007390222,0.98306435,0.0032175498,0.0007148164,0.00032676966
dataset_split/val/狗/402.jpg,3,狗,3.0,狗,4.0,猫,2.0,兔子,1.0,0.00077054615,0.05337752,0.05431998,0.68884426,0.190852,0.004888162,0.006947546
dataset_split/val/狗/403.jpg,3,狗,3.0,狗,4.0,猫,2.0,兔子,1.0,0.00015911178,0.012323638,0.013715561,0.9505757,0.021081358,0.00059390557,0.001550803
dataset_split/val/狗/406.jpg,3,狗,3.0,狗,4.0,猫,2.0,兔子,1.0,0.00018681303,0.0071322373,0.0124097075,0.8990099,0.08086675,0.000254354,0.00014024353
dataset_split/val/狗/413.jpg,3,狗,3.0,狗,4.0,猫,1.0,仓鼠,1.0,0.0004025324,0.0070269546,0.0042352662,0.97065747,0.015172541,0.00033569228,0.0021696663
dataset_split/val/狗/415.jpg,3,狗,3.0,狗,4.0,猫,1.0,仓鼠,1.0,8.620347e-06,0.0026521373,0.0024553584,0.99012077,0.004437458,0.00012247177,0.00020325666
dataset_split/val/狗/418.jpg,3,狗,3.0,狗,2.0,兔子,4.0,猫,1.0,0.0001800677,0.0027493716,0.0060495236,0.9871057,0.0032432193,0.00014311085,0.00052891887
dataset_split/val/狗/429.jpg,3,狗,3.0,狗,4.0,猫,1.0,仓鼠,1.0,0.0059006126,0.017095063,0.013577539,0.9328169,0.022902584,0.004084934,0.003622279
dataset_split/val/狗/433.jpg,3,狗,3.0,狗,1.0,仓鼠,4.0,猫,1.0,6.9027187e-06,0.00049722096,0.00019161853,0.9987165,0.0003980141,0.00011529431,7.443705e-05
dataset_split/val/狗/439.jpeg,3,狗,3.0,狗,2.0,兔子,4.0,猫,1.0,0.00016608823,0.0025984063,0.0143913375,0.96785885,0.013641501,0.0006879093,0.000655917
dataset_split/val/狗/443.jpg,3,狗,3.0,狗,4.0,猫,1.0,仓鼠,1.0,0.00060558645,0.0020510126,0.0014937487,0.9917184,0.002203973,0.0001402752,0.0017870476
dataset_split/val/狗/446.jpg,3,狗,3.0,狗,2.0,兔子,1.0,仓鼠,1.0,0.0028189574,0.022297509,0.13478877,0.7995113,0.009999373,0.0086311195,0.021952987
dataset_split/val/狗/447.jpg,3,狗,3.0,狗,2.0,兔子,1.0,仓鼠,1.0,0.0028189574,0.022297509,0.13478877,0.7995113,0.009999373,0.0086311195,0.021952987
dataset_split/val/狗/448.jpg,3,狗,3.0,狗,4.0,猫,2.0,兔子,1.0,8.199154e-05,8.3068466e-05,0.00043827895,0.9975083,0.0015559951,0.00026861363,6.382409e-05
dataset_split/val/狗/45.jpg,3,狗,3.0,狗,4.0,猫,2.0,兔子,1.0,3.3136195e-05,0.0011899772,0.0023992346,0.9871361,0.008071412,0.0009460284,0.00022401032
dataset_split/val/狗/459.jpeg,3,狗,3.0,狗,4.0,猫,1.0,仓鼠,1.0,0.0007594297,0.12799627,0.091838025,0.634849,0.14051056,0.0013884843,0.0026582328
dataset_split/val/狗/466.jpg,3,狗,3.0,狗,6.0,鹦鹉,4.0,猫,1.0,0.00074030325,0.0012440608,0.00044775856,0.9900209,0.0028488692,0.00048713989,0.00421102
dataset_split/val/狗/474.jpg,3,狗,3.0,狗,4.0,猫,2.0,兔子,1.0,9.691673e-05,0.002126833,0.010737183,0.97164017,0.015185338,0.00018449851,2.8980923e-05
dataset_split/val/狗/483.jpg,3,狗,3.0,狗,1.0,仓鼠,0.0,乌龟,1.0,0.0050717304,0.024739293,0.0038816428,0.9572259,0.0038527453,0.0011432596,0.0040853983
dataset_split/val/狗/495.jpg,3,狗,3.0,狗,4.0,猫,2.0,兔子,1.0,0.00031300873,0.009158725,0.017280651,0.92869455,0.0418934,0.0011676494,0.0014919908
dataset_split/val/狗/496.jpg,3,狗,1.0,仓鼠,3.0,狗,2.0,兔子,1.0,0.0018839603,0.40668738,0.24141687,0.3032943,0.020256322,0.017327882,0.009133263
dataset_split/val/狗/5.jpg,3,狗,3.0,狗,2.0,兔子,4.0,猫,1.0,5.1612864e-05,0.00016678832,0.00084632094,0.99817705,0.00043756238,0.00019288591,0.00012772917
dataset_split/val/狗/51.jpg,3,狗,3.0,狗,2.0,兔子,4.0,猫,1.0,4.702166e-05,0.009901261,0.16403915,0.7355162,0.08663255,0.0012238972,0.0026399535
dataset_split/val/狗/54.jpg,3,狗,3.0,狗,4.0,猫,5.0,金鱼,1.0,0.00034360006,0.0011554487,0.001623404,0.9690429,0.02460045,0.002879364,0.00035480506
dataset_split/val/狗/57.jpg,3,狗,3.0,狗,5.0,金鱼,6.0,鹦鹉,1.0,0.00027286305,0.00054676406,0.00033320856,0.9966492,0.00047274647,0.0011758811,0.00054939714
dataset_split/val/狗/66.jpg,3,狗,3.0,狗,1.0,仓鼠,2.0,兔子,1.0,0.0015466275,0.11157313,0.03796213,0.8103919,0.03550954,0.0017681055,0.0012485639
dataset_split/val/狗/67.jpg,3,狗,3.0,狗,1.0,仓鼠,4.0,猫,1.0,0.008085498,0.048418388,0.01320831,0.8914424,0.022637675,0.010097841,0.006109806
dataset_split/val/狗/73.jpg,3,狗,3.0,狗,2.0,兔子,0.0,乌龟,1.0,0.021545244,0.0040436354,0.043603234,0.90282434,0.0077657388,0.0102437055,0.009974088
dataset_split/val/狗/76.jpg,3,狗,3.0,狗,0.0,乌龟,6.0,鹦鹉,1.0,0.023236476,0.0007715475,0.004269652,0.9489179,0.0014454297,0.008486679,0.012872328
dataset_split/val/狗/87.jpg,3,狗,3.0,狗,1.0,仓鼠,2.0,兔子,1.0,0.00018566758,0.0016439614,0.00023669691,0.99736756,0.00021741792,0.00019158359,0.00015714063
dataset_split/val/狗/88.jpg,3,狗,3.0,狗,4.0,猫,2.0,兔子,1.0,2.713364e-05,0.00026687238,0.00032685604,0.9929229,0.006036918,0.0002874326,0.0001318105
dataset_split/val/狗/98.jpg,3,狗,3.0,狗,2.0,兔子,4.0,猫,1.0,0.0029424324,0.018349236,0.1024319,0.77437943,0.08237411,0.0042778486,0.015245055
dataset_split/val/狗/99.jpg,3,狗,3.0,狗,5.0,金鱼,4.0,猫,1.0,0.005951806,0.0075741247,0.0023516177,0.96167827,0.007849906,0.00841927,0.0061749704
dataset_split/val/猫/103.jpg,4,猫,4.0,猫,3.0,狗,1.0,仓鼠,1.0,7.640672e-06,0.00095976255,0.0003444786,0.0023738036,0.99626404,7.430494e-06,4.2974498e-05
dataset_split/val/猫/107.jpg,4,猫,4.0,猫,2.0,兔子,1.0,仓鼠,1.0,0.00011096783,0.00014517334,0.00063433667,2.472813e-05,0.9989397,3.558807e-05,0.000109437424
dataset_split/val/猫/109.jpg,4,猫,4.0,猫,3.0,狗,2.0,兔子,1.0,0.00016266882,0.0026011628,0.007568231,0.012246599,0.976711,0.00018405075,0.0005263129
dataset_split/val/猫/110.jpg,4,猫,4.0,猫,2.0,兔子,1.0,仓鼠,1.0,1.7005124e-05,2.573451e-05,0.00076867966,7.2898515e-06,0.9991561,1.1162788e-05,1.400373e-05
dataset_split/val/猫/112.jpg,4,猫,4.0,猫,2.0,兔子,1.0,仓鼠,1.0,5.3666813e-06,7.390114e-05,0.00034255313,3.0897065e-06,0.99955827,9.606164e-06,7.1496916e-06
dataset_split/val/猫/115.jpg,4,猫,4.0,猫,2.0,兔子,1.0,仓鼠,1.0,0.0004218179,0.021786995,0.28933915,0.01790103,0.6568051,0.0026063086,0.011139621
dataset_split/val/猫/127.jpg,4,猫,4.0,猫,2.0,兔子,6.0,鹦鹉,1.0,0.00067226513,0.0002517441,0.0016286282,7.604758e-05,0.9961009,0.0001424768,0.0011279978
dataset_split/val/猫/129.jpg,4,猫,4.0,猫,3.0,狗,1.0,仓鼠,1.0,2.8831812e-06,0.00027619422,6.667558e-05,0.004665677,0.9949709,1.4101072e-05,3.5401122e-06
dataset_split/val/猫/134.jpg,4,猫,4.0,猫,2.0,兔子,1.0,仓鼠,1.0,0.0010697077,0.030042581,0.081193596,0.0017620871,0.8765435,0.0033654051,0.0060232026
dataset_split/val/猫/138.jpg,4,猫,4.0,猫,3.0,狗,2.0,兔子,1.0,0.0015717364,0.032240786,0.04538995,0.072492406,0.83544827,0.0011486198,0.011708208
dataset_split/val/猫/14.jpg,4,猫,4.0,猫,1.0,仓鼠,2.0,兔子,1.0,0.00010844692,0.005989682,0.004174241,0.00011266387,0.98936135,0.00018408445,6.949319e-05
dataset_split/val/猫/143.jpg,4,猫,4.0,猫,2.0,兔子,1.0,仓鼠,1.0,0.00014636992,0.004668107,0.014505681,0.0021771877,0.9763534,0.00026001545,0.001889156
dataset_split/val/猫/144.jpg,4,猫,4.0,猫,2.0,兔子,3.0,狗,1.0,8.9063826e-05,0.004207998,0.034387257,0.009817158,0.95073795,0.000679131,8.137755e-05
dataset_split/val/猫/147.jpg,4,猫,4.0,猫,1.0,仓鼠,2.0,兔子,1.0,6.116481e-05,0.11149124,0.024056712,0.0038852603,0.85963774,0.0005888204,0.0002790336
dataset_split/val/猫/155.jpg,4,猫,4.0,猫,2.0,兔子,1.0,仓鼠,1.0,6.8923964e-07,0.0002445658,0.00081732083,0.00018842646,0.9986834,1.2650083e-05,5.300427e-05
dataset_split/val/猫/156.jpg,4,猫,4.0,猫,1.0,仓鼠,2.0,兔子,1.0,0.00019127778,0.027271573,0.015620871,0.0035101087,0.95080745,0.0004356222,0.0021630959
dataset_split/val/猫/160.jpg,4,猫,4.0,猫,2.0,兔子,1.0,仓鼠,1.0,7.13527e-05,0.00058574363,0.0039909254,0.00044296257,0.994375,8.7581044e-05,0.0004464974
dataset_split/val/猫/164.jpg,4,猫,4.0,猫,2.0,兔子,1.0,仓鼠,1.0,8.067033e-05,0.00033005603,0.0028888946,8.943743e-05,0.99641174,1.33153335e-05,0.00018585459
dataset_split/val/猫/165.jpg,4,猫,4.0,猫,2.0,兔子,6.0,鹦鹉,1.0,5.149624e-05,0.00013344159,0.0010648026,9.7537406e-05,0.9984226,5.9076887e-05,0.00017103482
dataset_split/val/猫/17.png,4,猫,4.0,猫,5.0,金鱼,1.0,仓鼠,1.0,0.0020318683,0.016450662,0.011148253,0.008141122,0.93928134,0.019255552,0.0036912349
dataset_split/val/猫/175.jpg,4,猫,4.0,猫,2.0,兔子,1.0,仓鼠,1.0,0.00078825373,0.0031326516,0.01018803,0.0005521886,0.9850199,0.00020203085,0.00011693227
dataset_split/val/猫/181.jpg,4,猫,4.0,猫,2.0,兔子,3.0,狗,1.0,0.00057927147,0.002193592,0.014999547,0.014831556,0.9640297,0.0012315947,0.0021346374
dataset_split/val/猫/184.jpg,4,猫,4.0,猫,2.0,兔子,1.0,仓鼠,1.0,0.00010540951,0.0008033864,0.0013485586,0.00024275524,0.9974131,3.6017882e-05,5.0785173e-05
dataset_split/val/猫/186.jpg,4,猫,4.0,猫,1.0,仓鼠,2.0,兔子,1.0,2.2493085e-05,0.0069490704,0.0019466609,0.0006356385,0.99032754,0.00010107473,1.7490422e-05
dataset_split/val/猫/187.jpg,4,猫,4.0,猫,2.0,兔子,0.0,乌龟,1.0,0.00012222423,0.00011642303,0.0005736795,1.241347e-05,0.9991228,2.032014e-05,3.217639e-05
dataset_split/val/猫/190.jpg,4,猫,4.0,猫,1.0,仓鼠,2.0,兔子,1.0,0.00045590432,0.009628373,0.0029277466,0.0004700545,0.98578984,0.00044351714,0.00028452824
dataset_split/val/猫/194.jpg,4,猫,4.0,猫,2.0,兔子,1.0,仓鼠,1.0,1.9937235e-05,0.0012945575,0.002880646,0.00036801232,0.9952177,5.679043e-05,0.00016245373
dataset_split/val/猫/20.jpg,4,猫,4.0,猫,2.0,兔子,1.0,仓鼠,1.0,5.8515958e-05,0.00013113748,0.0012796526,8.822233e-05,0.99840194,1.4294812e-05,2.6242382e-05
dataset_split/val/猫/206.jpg,4,猫,4.0,猫,2.0,兔子,6.0,鹦鹉,1.0,5.49602e-05,0.00013558008,0.0010099717,5.26184e-06,0.99851865,0.00013580304,0.00013977116
dataset_split/val/猫/208.jpg,4,猫,4.0,猫,2.0,兔子,0.0,乌龟,1.0,0.046648674,0.02910246,0.23473984,0.013004028,0.6368734,0.01485179,0.024779836
dataset_split/val/猫/217.jpg,4,猫,4.0,猫,2.0,兔子,6.0,鹦鹉,1.0,0.0002861667,0.0010593951,0.0022738455,0.00021777455,0.99325037,0.00096277514,0.0019496712
dataset_split/val/猫/220.jpg,4,猫,4.0,猫,5.0,金鱼,1.0,仓鼠,1.0,0.0004297219,0.0034333833,0.002756333,0.00063678843,0.98847264,0.0035703375,0.0007007492
dataset_split/val/猫/221.jpg,4,猫,4.0,猫,2.0,兔子,1.0,仓鼠,1.0,0.0018597705,0.03485755,0.062286247,0.008259768,0.8820697,0.0038291998,0.006837728
dataset_split/val/猫/224.jpg,4,猫,4.0,猫,2.0,兔子,1.0,仓鼠,1.0,0.00022781605,0.0018691572,0.0026367954,0.0002228764,0.99479645,8.721434e-05,0.000159742
dataset_split/val/猫/245.jpg,4,猫,4.0,猫,3.0,狗,2.0,兔子,1.0,0.003047906,0.008723163,0.042848703,0.080485135,0.84378844,0.004142933,0.016963644
dataset_split/val/猫/248.jpg,4,猫,4.0,猫,2.0,兔子,6.0,鹦鹉,1.0,6.421361e-05,0.0019025446,0.01359677,9.115773e-05,0.9811411,8.1797305e-05,0.0031224757
dataset_split/val/猫/250.jpg,4,猫,4.0,猫,2.0,兔子,1.0,仓鼠,1.0,3.91419e-05,0.0053532277,0.016380783,0.0011695788,0.9758446,0.00014180064,0.0010708467
dataset_split/val/猫/255.jpg,4,猫,4.0,猫,2.0,兔子,1.0,仓鼠,1.0,0.0004920059,0.0020561344,0.0038554969,0.0014666913,0.9905414,0.0011648183,0.0004233928
dataset_split/val/猫/26.jpeg,4,猫,4.0,猫,2.0,兔子,1.0,仓鼠,1.0,0.00014515185,0.00038813727,0.004238964,0.0003765509,0.9944576,0.00013744902,0.00025619857
dataset_split/val/猫/264.jpg,4,猫,4.0,猫,2.0,兔子,3.0,狗,1.0,1.4218709e-05,0.0005837667,0.006052015,0.0008579957,0.9924258,1.3595861e-05,5.2554642e-05
dataset_split/val/猫/269.jpg,4,猫,3.0,狗,4.0,猫,6.0,鹦鹉,1.0,0.008774884,0.06808137,0.029078186,0.5305015,0.22039779,0.0075419815,0.13562432
dataset_split/val/猫/272.jpg,4,猫,4.0,猫,3.0,狗,2.0,兔子,1.0,0.0007139607,0.01602357,0.059565935,0.0631585,0.8567721,0.0030858917,0.0006800882
dataset_split/val/猫/277.jpg,4,猫,4.0,猫,2.0,兔子,1.0,仓鼠,1.0,0.00058918446,0.0034512933,0.007211603,7.1311406e-05,0.98732376,0.0007132801,0.0006395567
dataset_split/val/猫/282.jpg,4,猫,4.0,猫,2.0,兔子,1.0,仓鼠,1.0,0.00069128774,0.03298951,0.31476316,0.002286811,0.64638925,0.001821358,0.0010587242
dataset_split/val/猫/290.jpg,4,猫,4.0,猫,2.0,兔子,3.0,狗,1.0,3.520282e-05,0.00022422789,0.0050145653,0.00028646327,0.9942095,7.25964e-05,0.00015744973
dataset_split/val/猫/292.jpg,4,猫,4.0,猫,3.0,狗,1.0,仓鼠,1.0,0.0026235604,0.01599945,0.015986508,0.044629343,0.9171009,0.00033856768,0.0033217457
dataset_split/val/猫/300.jpg,4,猫,4.0,猫,1.0,仓鼠,2.0,兔子,1.0,0.0007776381,0.03300833,0.02089933,0.0029570204,0.93624955,0.0011251039,0.0049830503
dataset_split/val/猫/306.jpg,4,猫,4.0,猫,2.0,兔子,3.0,狗,1.0,1.5101479e-06,0.0002008679,0.013603929,0.0010035358,0.9850638,5.539829e-06,0.00012081886
dataset_split/val/猫/307.jpg,4,猫,4.0,猫,2.0,兔子,1.0,仓鼠,1.0,1.0182619e-05,3.756116e-05,0.00061445025,8.337151e-06,0.99929535,9.14266e-06,2.5040223e-05
dataset_split/val/猫/32.jpg,4,猫,4.0,猫,1.0,仓鼠,2.0,兔子,1.0,6.549492e-05,0.00038959994,0.0003651343,1.2397872e-05,0.99908423,2.5473642e-05,5.765489e-05
dataset_split/val/猫/35.png,4,猫,4.0,猫,1.0,仓鼠,2.0,兔子,1.0,1.1805115e-05,0.080069385,0.015129423,0.0035102784,0.8999795,0.0006067644,0.0006929222
dataset_split/val/猫/350.jpg,4,猫,4.0,猫,1.0,仓鼠,3.0,狗,1.0,8.697855e-05,0.008591724,0.0037015274,0.005451943,0.98005116,0.00017688307,0.0019398341
dataset_split/val/猫/360.jpg,4,猫,4.0,猫,3.0,狗,2.0,兔子,1.0,1.9216057e-05,0.013882635,0.060153443,0.08516797,0.83977777,6.6935994e-05,0.00093201373
dataset_split/val/猫/362.jpg,4,猫,4.0,猫,2.0,兔子,1.0,仓鼠,1.0,3.4197592e-06,4.6968697e-05,0.00021916306,3.6994174e-05,0.999671,1.3645356e-05,8.774167e-06
dataset_split/val/猫/369.jpg,4,猫,4.0,猫,1.0,仓鼠,2.0,兔子,1.0,0.0001699451,0.32887948,0.11343384,0.0040200595,0.5280468,0.01671306,0.008736785
dataset_split/val/猫/370.jpg,4,猫,4.0,猫,0.0,乌龟,2.0,兔子,1.0,0.0029235673,0.00022301743,0.001978777,3.6152676e-05,0.99441826,0.00017160618,0.00024862672
dataset_split/val/猫/375.jpg,4,猫,4.0,猫,2.0,兔子,6.0,鹦鹉,1.0,0.0004021124,0.0009259913,0.012126768,0.001087322,0.9809708,0.0011776909,0.0033092594
dataset_split/val/猫/378.jpg,4,猫,4.0,猫,2.0,兔子,3.0,狗,1.0,2.5329348e-06,7.025893e-06,8.78475e-05,6.969293e-05,0.9998259,2.0543714e-06,4.982589e-06
dataset_split/val/猫/38.jpg,4,猫,4.0,猫,2.0,兔子,3.0,狗,1.0,3.927143e-05,0.0065928916,0.014223952,0.01064985,0.96741086,0.00037480265,0.0007083856
dataset_split/val/猫/380.jpg,4,猫,4.0,猫,2.0,兔子,3.0,狗,1.0,0.0005982414,0.005846178,0.03334482,0.009990922,0.94599867,0.0010022476,0.003218982
dataset_split/val/猫/381.jpg,4,猫,4.0,猫,1.0,仓鼠,5.0,金鱼,1.0,0.0006592164,0.02936182,0.011863208,0.0039062456,0.9276542,0.01881066,0.007744778
dataset_split/val/猫/382.jpg,4,猫,4.0,猫,1.0,仓鼠,3.0,狗,1.0,4.725663e-05,0.011524393,0.00198924,0.003099325,0.98273426,0.00029769886,0.00030789492
dataset_split/val/猫/384.jpg,4,猫,4.0,猫,2.0,兔子,1.0,仓鼠,1.0,1.2142347e-05,5.4889824e-05,0.0003370132,4.4798167e-06,0.99950707,3.1306045e-05,5.305305e-05
dataset_split/val/猫/388.jpg,4,猫,4.0,猫,1.0,仓鼠,2.0,兔子,1.0,0.0004589469,0.078484535,0.014181693,0.007129361,0.89148855,0.0065422636,0.0017144956
dataset_split/val/猫/399.jpg,4,猫,4.0,猫,2.0,兔子,3.0,狗,1.0,0.00059134385,0.002868593,0.030062353,0.005420693,0.9567222,0.0014576393,0.0028772096
dataset_split/val/猫/40.png,4,猫,4.0,猫,2.0,兔子,3.0,狗,1.0,2.600793e-05,0.0001446045,0.0007920905,0.000480115,0.9985122,2.4093855e-05,2.0918817e-05
dataset_split/val/猫/403.jpg,4,猫,4.0,猫,2.0,兔子,1.0,仓鼠,1.0,0.0013235278,0.0020547798,0.007837796,0.0020133734,0.98460466,0.00084413774,0.001321765
dataset_split/val/猫/405.jpg,4,猫,4.0,猫,1.0,仓鼠,2.0,兔子,1.0,0.00030832877,0.28443074,0.10518004,0.020786019,0.5821794,0.0019563907,0.0051591103
dataset_split/val/猫/421.jpg,4,猫,4.0,猫,2.0,兔子,1.0,仓鼠,1.0,0.00013009377,0.004231493,0.01277899,0.00050812116,0.98114747,0.000296254,0.00090759085
dataset_split/val/猫/427.jpg,4,猫,4.0,猫,3.0,狗,2.0,兔子,1.0,0.0003028449,0.006119249,0.007294137,0.008031463,0.97709626,0.00032804604,0.0008279671
dataset_split/val/猫/428.jpg,4,猫,1.0,仓鼠,2.0,兔子,4.0,猫,1.0,0.00017279667,0.51146555,0.26327097,0.0025403767,0.20437549,0.0006953791,0.017479394
dataset_split/val/猫/429.jpg,4,猫,4.0,猫,2.0,兔子,1.0,仓鼠,1.0,0.0010086484,0.004148842,0.0052445526,0.00058734685,0.9880916,0.0005379171,0.00038112796
dataset_split/val/猫/436.jpg,4,猫,4.0,猫,2.0,兔子,1.0,仓鼠,1.0,3.605949e-05,0.014030557,0.110637456,0.0011670665,0.87350786,0.00028822114,0.00033282366
dataset_split/val/猫/455.jpg,4,猫,4.0,猫,3.0,狗,2.0,兔子,1.0,4.3893782e-05,0.00306153,0.02732019,0.068581335,0.89953905,0.0008201447,0.00063400384
dataset_split/val/猫/460.jpg,4,猫,4.0,猫,2.0,兔子,1.0,仓鼠,1.0,0.00015818483,0.017099416,0.09775504,0.016824642,0.86332154,0.0014365835,0.003404548
dataset_split/val/猫/465.jpg,4,猫,4.0,猫,2.0,兔子,3.0,狗,1.0,3.2839922e-05,0.0061361655,0.0106112305,0.008199176,0.973272,0.00079754,0.00095098995
dataset_split/val/猫/466.jpg,4,猫,4.0,猫,3.0,狗,1.0,仓鼠,1.0,0.00061839557,0.028966447,0.026888086,0.04578413,0.89111793,0.0035980353,0.0030269977
dataset_split/val/猫/469.jpg,4,猫,4.0,猫,2.0,兔子,3.0,狗,1.0,0.0015896461,0.035605777,0.080399714,0.07340957,0.7616464,0.026573993,0.020774849
dataset_split/val/猫/473.jpg,4,猫,4.0,猫,2.0,兔子,3.0,狗,1.0,0.00057548407,0.00059048634,0.0054730955,0.000854521,0.99221754,0.00012794483,0.00016097493
dataset_split/val/猫/479.jpg,4,猫,4.0,猫,1.0,仓鼠,2.0,兔子,1.0,0.0031141508,0.06767202,0.059822924,0.030356701,0.8307516,0.0028183972,0.005464314
dataset_split/val/猫/5.jpg,4,猫,4.0,猫,2.0,兔子,1.0,仓鼠,1.0,0.0051097176,0.03158216,0.063974835,0.011509646,0.86071503,0.0064405,0.020668091
dataset_split/val/猫/50.jpg,4,猫,4.0,猫,2.0,兔子,1.0,仓鼠,1.0,0.00031583372,0.015228622,0.01602135,0.0028338637,0.9615818,0.0013523089,0.0026662413
dataset_split/val/猫/54.jpg,4,猫,4.0,猫,1.0,仓鼠,2.0,兔子,1.0,8.127351e-06,0.0035908609,0.003461037,0.002173702,0.99061465,8.7473294e-05,6.4047876e-05
dataset_split/val/猫/61.jpg,4,猫,4.0,猫,2.0,兔子,1.0,仓鼠,1.0,0.00010601905,0.0014120864,0.011059616,0.00068694225,0.985729,0.00031632252,0.00068996835
dataset_split/val/猫/69.jpg,4,猫,4.0,猫,2.0,兔子,1.0,仓鼠,1.0,1.1827178e-05,6.0743452e-05,0.00010689547,1.842698e-05,0.99977547,1.4857244e-05,1.177461e-05
dataset_split/val/猫/76.jpg,4,猫,4.0,猫,2.0,兔子,1.0,仓鼠,1.0,0.00015845665,0.0014551815,0.003254895,0.0014068618,0.99341387,8.844237e-05,0.00022230677
dataset_split/val/猫/78.jpg,4,猫,4.0,猫,2.0,兔子,3.0,狗,1.0,6.4021406e-05,0.0014327957,0.01673183,0.0056651337,0.9741027,0.00029662377,0.0017069991
dataset_split/val/猫/83.jpg,4,猫,4.0,猫,2.0,兔子,1.0,仓鼠,1.0,0.00011888431,0.0023942299,0.0056233234,0.0015433723,0.9897385,0.00042128054,0.000160401
dataset_split/val/猫/85.jpg,4,猫,4.0,猫,2.0,兔子,1.0,仓鼠,1.0,5.423466e-06,3.9446302e-05,0.000111010035,1.794798e-06,0.9998354,1.9592612e-06,5.0062517e-06
dataset_split/val/猫/92.jpg,4,猫,4.0,猫,2.0,兔子,6.0,鹦鹉,1.0,0.00017040012,0.005894906,0.14781137,0.0061609456,0.82690924,0.0004431743,0.012609918
dataset_split/val/猫/96.jpg,4,猫,4.0,猫,3.0,狗,2.0,兔子,1.0,2.1059539e-05,0.0016559203,0.004107048,0.005301348,0.98870134,0.00011397107,9.926258e-05
dataset_split/val/金鱼/101.jpg,5,金鱼,5.0,金鱼,6.0,鹦鹉,1.0,仓鼠,1.0,2.6430762e-05,0.00012945765,6.925417e-05,1.2788006e-05,3.8064794e-05,0.9993624,0.00036157554
dataset_split/val/金鱼/115.jpg,5,金鱼,5.0,金鱼,1.0,仓鼠,6.0,鹦鹉,1.0,0.021059874,0.12825982,0.018395782,0.0038676043,0.01288993,0.7886317,0.026895363
dataset_split/val/金鱼/124.png,5,金鱼,5.0,金鱼,6.0,鹦鹉,0.0,乌龟,1.0,0.005869056,0.0031040197,0.0056841485,0.00031721446,0.00029130676,0.93454003,0.05019433
dataset_split/val/金鱼/129.jpeg,5,金鱼,5.0,金鱼,6.0,鹦鹉,2.0,兔子,1.0,2.1834601e-05,1.773751e-05,3.9416158e-05,4.7968183e-06,8.672333e-06,0.9933483,0.006559144
dataset_split/val/金鱼/142.jpg,5,金鱼,5.0,金鱼,1.0,仓鼠,2.0,兔子,1.0,0.008548093,0.12359712,0.012434484,0.0042631407,0.0065806312,0.83676785,0.0078085694
dataset_split/val/金鱼/15.jpg,5,金鱼,5.0,金鱼,6.0,鹦鹉,1.0,仓鼠,1.0,0.00020075214,0.00031948145,0.00019539328,0.0001242192,2.7120852e-05,0.9977743,0.0013587119
dataset_split/val/金鱼/159.jpeg,5,金鱼,5.0,金鱼,6.0,鹦鹉,1.0,仓鼠,1.0,0.00012050968,0.0037678513,0.0010958032,6.90865e-05,0.00027520824,0.98626816,0.00840333
dataset_split/val/金鱼/16.jpg,5,金鱼,6.0,鹦鹉,5.0,金鱼,4.0,猫,1.0,0.00057259854,0.001382193,0.000889114,0.00032268435,0.0024241568,0.049114697,0.9452946
dataset_split/val/金鱼/169.jpg,5,金鱼,5.0,金鱼,6.0,鹦鹉,4.0,猫,1.0,2.1597298e-05,0.00011881539,6.741478e-05,4.415807e-06,0.00026715267,0.9970066,0.0025139444
dataset_split/val/金鱼/170.jpg,5,金鱼,5.0,金鱼,6.0,鹦鹉,2.0,兔子,1.0,5.595204e-06,7.294617e-05,9.3983814e-05,4.9258224e-06,1.7550845e-05,0.9986357,0.0011692883
dataset_split/val/金鱼/171.jpg,5,金鱼,5.0,金鱼,6.0,鹦鹉,1.0,仓鼠,1.0,3.4583175e-06,8.032908e-05,4.8487782e-05,4.5366156e-05,2.928048e-05,0.9986349,0.0011582064
dataset_split/val/金鱼/182.jpg,5,金鱼,5.0,金鱼,6.0,鹦鹉,1.0,仓鼠,1.0,7.549277e-05,0.0010210164,0.00059572345,0.0001782418,0.0007421156,0.9905657,0.0068217586
dataset_split/val/金鱼/190.jpg,5,金鱼,5.0,金鱼,6.0,鹦鹉,1.0,仓鼠,1.0,0.0004562697,0.00067101244,0.0004021255,0.0003021424,0.00040500774,0.9446905,0.05307301
dataset_split/val/金鱼/192.jpg,5,金鱼,5.0,金鱼,6.0,鹦鹉,2.0,兔子,1.0,7.6555654e-05,0.0006580395,0.003340776,0.0005084503,0.0010011623,0.88698715,0.1074279
dataset_split/val/金鱼/194.jpg,5,金鱼,5.0,金鱼,1.0,仓鼠,6.0,鹦鹉,1.0,0.00047091287,0.005197954,0.0009594404,0.0009596505,0.0012775769,0.9890971,0.0020372842
dataset_split/val/金鱼/195.png,5,金鱼,5.0,金鱼,6.0,鹦鹉,4.0,猫,1.0,9.0926645e-05,0.00055360666,0.0002256082,9.498645e-05,0.0013816743,0.9958645,0.001788723
dataset_split/val/金鱼/197.jpg,5,金鱼,5.0,金鱼,6.0,鹦鹉,2.0,兔子,1.0,3.9663366e-05,4.6228688e-05,6.628961e-05,4.813124e-05,1.1203027e-05,0.99954396,0.0002444691
dataset_split/val/金鱼/203.jpg,5,金鱼,5.0,金鱼,6.0,鹦鹉,1.0,仓鼠,1.0,4.1625222e-05,0.00083417975,0.0005383974,6.593932e-05,0.0005764786,0.9796637,0.018279606
dataset_split/val/金鱼/206.jpg,5,金鱼,5.0,金鱼,6.0,鹦鹉,2.0,兔子,1.0,0.00022490961,0.0008658152,0.00097003975,0.0001353557,0.0004114968,0.9945748,0.0028175293
dataset_split/val/金鱼/217.jpg,5,金鱼,5.0,金鱼,6.0,鹦鹉,2.0,兔子,1.0,2.3872317e-05,3.1521857e-05,0.00012779156,5.9529016e-06,2.3634777e-05,0.99961734,0.0001697901
dataset_split/val/金鱼/219.jpg,5,金鱼,5.0,金鱼,6.0,鹦鹉,2.0,兔子,1.0,1.9714287e-05,8.060295e-05,8.615462e-05,3.591793e-06,1.1664498e-05,0.997621,0.0021773
dataset_split/val/金鱼/220.jpg,5,金鱼,5.0,金鱼,6.0,鹦鹉,1.0,仓鼠,1.0,0.00019178074,0.0051410384,0.0025397989,0.00012218281,0.000994263,0.9586345,0.032376476
dataset_split/val/金鱼/221.jpg,5,金鱼,5.0,金鱼,6.0,鹦鹉,0.0,乌龟,1.0,0.015601634,0.0054864143,0.011992811,0.008979771,0.0059986273,0.9208323,0.031108439
dataset_split/val/金鱼/228.jpg,5,金鱼,5.0,金鱼,6.0,鹦鹉,1.0,仓鼠,1.0,4.3163805e-06,0.00022853946,3.0115683e-05,4.544031e-06,2.7174787e-05,0.9994363,0.00026898037
dataset_split/val/金鱼/238.jpg,5,金鱼,5.0,金鱼,6.0,鹦鹉,2.0,兔子,1.0,0.013206415,0.002361695,0.03552452,0.0022737924,0.012738197,0.88184947,0.05204594
dataset_split/val/金鱼/250.jpg,5,金鱼,5.0,金鱼,0.0,乌龟,6.0,鹦鹉,1.0,0.30507717,0.0067228223,0.0008047615,0.0019054218,0.0031724293,0.6497144,0.032602996
dataset_split/val/金鱼/254.jpeg,5,金鱼,5.0,金鱼,6.0,鹦鹉,1.0,仓鼠,1.0,9.3043614e-05,0.0014861148,0.00068306434,0.00010760986,7.707851e-05,0.9901751,0.007378017
dataset_split/val/金鱼/266.png,5,金鱼,5.0,金鱼,6.0,鹦鹉,2.0,兔子,1.0,2.3699651e-05,3.736124e-05,7.0862334e-05,2.1605567e-05,2.041643e-05,0.99932396,0.0005020885
dataset_split/val/金鱼/271.jpeg,5,金鱼,5.0,金鱼,6.0,鹦鹉,2.0,兔子,1.0,0.00039917944,0.002513962,0.012719605,0.003033036,0.008636197,0.94920063,0.023497334
dataset_split/val/金鱼/272.jpg,5,金鱼,5.0,金鱼,6.0,鹦鹉,2.0,兔子,1.0,0.00013174265,0.0004922365,0.00090932206,7.843968e-05,0.00010232298,0.9963063,0.0019797282
dataset_split/val/金鱼/273.jpg,5,金鱼,5.0,金鱼,6.0,鹦鹉,0.0,乌龟,1.0,8.966589e-05,4.559404e-05,4.6486475e-05,4.245981e-06,2.4898794e-05,0.99887305,0.0009160079
dataset_split/val/金鱼/282.jpg,5,金鱼,5.0,金鱼,6.0,鹦鹉,1.0,仓鼠,1.0,0.00035343834,0.0034278675,0.0009037526,0.0014425861,0.0006931837,0.984697,0.008482209
dataset_split/val/金鱼/288.jpg,5,金鱼,5.0,金鱼,6.0,鹦鹉,2.0,兔子,1.0,0.0018487902,0.008902858,0.019367043,0.0024924574,0.0035924756,0.88124055,0.082555875
dataset_split/val/金鱼/304.jpg,5,金鱼,5.0,金鱼,0.0,乌龟,6.0,鹦鹉,1.0,0.010957179,0.0033884258,0.0007514035,0.00032885483,0.00086637004,0.97977257,0.003935185
dataset_split/val/金鱼/308.jpg,5,金鱼,5.0,金鱼,6.0,鹦鹉,0.0,乌龟,1.0,0.0015600648,0.00019826507,0.00074905285,5.6244906e-05,0.0001890562,0.99503326,0.0022141463
dataset_split/val/金鱼/309.jpeg,5,金鱼,5.0,金鱼,6.0,鹦鹉,0.0,乌龟,1.0,0.0028583794,0.0014700603,0.00083901663,0.0008303957,0.00018155757,0.97026867,0.023551937
dataset_split/val/金鱼/310.jpg,5,金鱼,5.0,金鱼,0.0,乌龟,4.0,猫,1.0,0.41956654,0.021220954,0.01010529,0.016974263,0.030968862,0.47038314,0.030780941
dataset_split/val/金鱼/311.jpg,5,金鱼,5.0,金鱼,6.0,鹦鹉,0.0,乌龟,1.0,0.0015047475,0.00015750696,0.0003645887,4.5217443e-05,0.0013665286,0.9831338,0.013427559
dataset_split/val/金鱼/314.jpg,5,金鱼,5.0,金鱼,6.0,鹦鹉,4.0,猫,1.0,0.00069331384,0.002169509,0.0026366499,0.00032153304,0.0046883696,0.6450328,0.34445778
dataset_split/val/金鱼/321.jpg,5,金鱼,5.0,金鱼,6.0,鹦鹉,4.0,猫,1.0,0.0005402755,0.00048425596,0.0004866193,0.00015562004,0.0017459053,0.96466666,0.03192076
dataset_split/val/金鱼/325.jpg,5,金鱼,5.0,金鱼,6.0,鹦鹉,2.0,兔子,1.0,1.303966e-05,7.2066774e-05,0.00019910195,1.0153739e-05,3.9816023e-05,0.9976326,0.0020332043
dataset_split/val/金鱼/34.jpg,5,金鱼,5.0,金鱼,6.0,鹦鹉,2.0,兔子,1.0,0.0011075435,0.0011937361,0.0131401755,0.000420241,0.00080550375,0.9622583,0.021074342
dataset_split/val/金鱼/35.jpg,5,金鱼,5.0,金鱼,1.0,仓鼠,6.0,鹦鹉,1.0,0.00028580596,0.001040412,7.1336835e-05,1.5361049e-05,2.540708e-05,0.99827516,0.00028654476
dataset_split/val/金鱼/353.jpg,5,金鱼,5.0,金鱼,6.0,鹦鹉,2.0,兔子,1.0,0.00012924997,0.00014800123,0.00032240697,4.971069e-05,6.484931e-05,0.9981285,0.0011572973
dataset_split/val/金鱼/359.jpg,5,金鱼,5.0,金鱼,6.0,鹦鹉,1.0,仓鼠,1.0,0.00024014828,0.0017150077,0.00078001816,0.00014093176,8.798021e-05,0.96814716,0.028888736
dataset_split/val/金鱼/363.jpg,5,金鱼,6.0,鹦鹉,5.0,金鱼,4.0,猫,1.0,0.023766473,0.060880143,0.03093695,0.012560435,0.07256667,0.3238208,0.47546855
dataset_split/val/金鱼/37.jpg,5,金鱼,5.0,金鱼,6.0,鹦鹉,0.0,乌龟,1.0,3.493504e-05,1.5767675e-05,2.8953687e-05,2.0857512e-06,1.6936487e-05,0.99732274,0.0025784986
dataset_split/val/金鱼/381.jpg,5,金鱼,5.0,金鱼,6.0,鹦鹉,4.0,猫,1.0,0.0008358121,0.0066868314,0.01125981,0.0013688537,0.012063729,0.8318386,0.13594635
dataset_split/val/金鱼/423.jpg,5,金鱼,5.0,金鱼,6.0,鹦鹉,2.0,兔子,1.0,0.0008642517,0.001131849,0.004542819,0.00063876517,0.00065640407,0.9621892,0.029976672
dataset_split/val/金鱼/447.jpg,5,金鱼,5.0,金鱼,2.0,兔子,6.0,鹦鹉,1.0,0.0032690286,0.019183898,0.071768716,0.0367091,0.0018062021,0.8021003,0.06516276
dataset_split/val/金鱼/46.jpg,5,金鱼,5.0,金鱼,6.0,鹦鹉,2.0,兔子,1.0,0.0003112759,0.0046706684,0.009893522,0.008660008,0.0025544455,0.83632654,0.13758364
dataset_split/val/金鱼/465.jpg,5,金鱼,5.0,金鱼,6.0,鹦鹉,2.0,兔子,1.0,0.0016664647,0.00046947473,0.0019331946,0.0002745325,0.00034293174,0.980756,0.014557366
dataset_split/val/金鱼/467.png,5,金鱼,5.0,金鱼,6.0,鹦鹉,2.0,兔子,1.0,6.0791986e-05,0.00045509846,0.00062934286,0.000114759845,0.0006018292,0.86619246,0.13194577
dataset_split/val/金鱼/468.jpg,5,金鱼,5.0,金鱼,6.0,鹦鹉,0.0,乌龟,1.0,0.061752055,0.018362015,0.016092498,0.0016429595,0.004479416,0.7560764,0.14159463
dataset_split/val/金鱼/478.jpg,5,金鱼,5.0,金鱼,6.0,鹦鹉,1.0,仓鼠,1.0,0.00030608053,0.009417301,0.0057206037,0.00018728305,0.00153288,0.96332276,0.019512998
dataset_split/val/金鱼/486.jpg,5,金鱼,5.0,金鱼,1.0,仓鼠,0.0,乌龟,1.0,0.12908977,0.22543165,0.011238285,0.002877627,0.004707766,0.61167514,0.014979801
dataset_split/val/金鱼/50.jpg,5,金鱼,5.0,金鱼,6.0,鹦鹉,2.0,兔子,1.0,0.00030580332,0.0004150974,0.0036210984,0.0019331311,0.00057114795,0.96876466,0.024389075
dataset_split/val/金鱼/57.jpeg,5,金鱼,5.0,金鱼,6.0,鹦鹉,1.0,仓鼠,1.0,0.00060430536,0.0006793512,0.00016835758,7.414119e-05,7.997979e-05,0.99722517,0.0011686009
dataset_split/val/金鱼/61.jpg,5,金鱼,5.0,金鱼,0.0,乌龟,6.0,鹦鹉,1.0,0.32554656,0.012153628,0.002018769,0.014988012,0.0035684675,0.52802825,0.11369627
dataset_split/val/金鱼/62.jpg,5,金鱼,5.0,金鱼,1.0,仓鼠,6.0,鹦鹉,1.0,0.00053840526,0.0030472167,0.00084239035,7.280426e-05,0.0005460246,0.9936113,0.0013419036
dataset_split/val/金鱼/64.jpg,5,金鱼,5.0,金鱼,0.0,乌龟,6.0,鹦鹉,1.0,0.003383578,0.00036116358,0.00026487504,0.0001912461,9.45425e-05,0.99282116,0.002883418
dataset_split/val/金鱼/66.jpg,5,金鱼,5.0,金鱼,6.0,鹦鹉,0.0,乌龟,1.0,0.0014718923,0.0011548443,0.0014280184,0.0002076157,0.00026434512,0.7788873,0.21658604
dataset_split/val/金鱼/71.png,5,金鱼,5.0,金鱼,6.0,鹦鹉,2.0,兔子,1.0,0.00024256368,0.0024278203,0.0030125089,0.00073900213,0.0002774937,0.9883215,0.00497908
dataset_split/val/金鱼/72.jpg,5,金鱼,5.0,金鱼,6.0,鹦鹉,0.0,乌龟,1.0,8.132269e-05,2.5544088e-05,4.553166e-05,3.5589696e-06,2.6860656e-05,0.99866676,0.0011503779
dataset_split/val/金鱼/75.jpg,5,金鱼,5.0,金鱼,6.0,鹦鹉,2.0,兔子,1.0,0.00080905604,0.0036575906,0.009343442,0.0014267721,0.0016828598,0.95915055,0.02392975
dataset_split/val/金鱼/77.jpg,5,金鱼,5.0,金鱼,6.0,鹦鹉,0.0,乌龟,1.0,0.02256524,0.00016529432,0.00070370414,4.209451e-05,5.1013696e-05,0.90941674,0.06705592
dataset_split/val/金鱼/93.jpg,5,金鱼,5.0,金鱼,2.0,兔子,6.0,鹦鹉,1.0,0.0070342645,0.005982561,0.030538922,0.009351702,0.002102343,0.91871375,0.026276432
dataset_split/val/鹦鹉/101.png,6,鹦鹉,6.0,鹦鹉,5.0,金鱼,3.0,狗,1.0,0.00010225245,2.6571171e-05,1.7818804e-05,0.00019116013,6.123728e-05,0.000357151,0.99924386
dataset_split/val/鹦鹉/108.jpg,6,鹦鹉,6.0,鹦鹉,2.0,兔子,1.0,仓鼠,1.0,0.0002715072,0.0034543495,0.0048825857,0.0008674955,0.00012116389,0.0014239996,0.9889788
dataset_split/val/鹦鹉/110.jpg,6,鹦鹉,6.0,鹦鹉,4.0,猫,2.0,兔子,1.0,3.0396463e-06,2.0612115e-05,5.7818743e-05,1.8482853e-05,7.396661e-05,1.847924e-05,0.99980766
dataset_split/val/鹦鹉/116.jpeg,6,鹦鹉,6.0,鹦鹉,2.0,兔子,3.0,狗,1.0,0.002094386,0.02419735,0.08659073,0.04774201,0.002138158,0.0024687974,0.8347686
dataset_split/val/鹦鹉/119.jpg,6,鹦鹉,6.0,鹦鹉,0.0,乌龟,2.0,兔子,1.0,0.045992907,0.0026171198,0.022928478,0.000872014,0.004390415,0.006088745,0.9171103
dataset_split/val/鹦鹉/12.jpg,6,鹦鹉,6.0,鹦鹉,5.0,金鱼,3.0,狗,1.0,7.599979e-07,2.7574745e-07,1.0973352e-07,2.1103544e-06,4.2080882e-07,3.5193493e-06,0.9999927
dataset_split/val/鹦鹉/121.jpg,6,鹦鹉,6.0,鹦鹉,0.0,乌龟,5.0,金鱼,1.0,0.10763173,0.0045129913,0.002486405,0.0064467834,0.0010116991,0.033373967,0.8445364
dataset_split/val/鹦鹉/125.jpg,6,鹦鹉,6.0,鹦鹉,5.0,金鱼,4.0,猫,1.0,0.0002339131,4.7459696e-05,8.030218e-05,0.00020726043,0.0005616653,0.0009381658,0.99793124
dataset_split/val/鹦鹉/127.jpg,6,鹦鹉,6.0,鹦鹉,5.0,金鱼,4.0,猫,1.0,0.00067968015,0.0007622656,0.0005639526,0.0006295018,0.0011194078,0.0018287621,0.9944165
dataset_split/val/鹦鹉/128.jpg,6,鹦鹉,1.0,仓鼠,3.0,狗,6.0,鹦鹉,1.0,0.018333573,0.51636153,0.07085343,0.17886488,0.06268781,0.017834276,0.13506451
dataset_split/val/鹦鹉/129.jpg,6,鹦鹉,6.0,鹦鹉,5.0,金鱼,2.0,兔子,1.0,0.004664853,0.004395374,0.006035605,0.0018103224,0.003668729,0.0065991096,0.97282594
dataset_split/val/鹦鹉/137.jpg,6,鹦鹉,6.0,鹦鹉,4.0,猫,3.0,狗,1.0,0.026450342,0.0104216365,0.02238554,0.038054675,0.045936074,0.018617805,0.8381339
dataset_split/val/鹦鹉/14.jpg,6,鹦鹉,6.0,鹦鹉,5.0,金鱼,0.0,乌龟,1.0,0.0004472266,6.0048973e-05,0.00023689565,0.00020510529,0.0001345783,0.0005132853,0.998403
dataset_split/val/鹦鹉/148.jpg,6,鹦鹉,6.0,鹦鹉,5.0,金鱼,0.0,乌龟,1.0,0.024137208,0.00916881,0.005556097,0.0047059455,0.006131614,0.02531629,0.9249839
dataset_split/val/鹦鹉/15.jpg,6,鹦鹉,6.0,鹦鹉,1.0,仓鼠,5.0,金鱼,1.0,0.0010299218,0.005722228,0.0016512903,5.8555048e-05,0.00027567186,0.004480534,0.9867818
dataset_split/val/鹦鹉/151.jpg,6,鹦鹉,6.0,鹦鹉,1.0,仓鼠,2.0,兔子,1.0,0.007218641,0.24665564,0.13164724,0.023058668,0.059183594,0.007698077,0.52453816
dataset_split/val/鹦鹉/175.jpg,6,鹦鹉,6.0,鹦鹉,1.0,仓鼠,2.0,兔子,1.0,1.6189476e-06,3.25197e-05,3.2445136e-05,1.4523941e-05,7.0234596e-06,8.866538e-06,0.99990296
dataset_split/val/鹦鹉/180.jpg,6,鹦鹉,6.0,鹦鹉,5.0,金鱼,3.0,狗,1.0,1.05733125e-05,1.4472666e-05,1.9975327e-05,3.436552e-05,1.692318e-05,0.000101258855,0.9998024
dataset_split/val/鹦鹉/184.jpg,6,鹦鹉,6.0,鹦鹉,5.0,金鱼,2.0,兔子,1.0,4.2683234e-05,0.00021138592,0.0003377241,0.00012213759,0.00015154152,0.0043942346,0.9947403
dataset_split/val/鹦鹉/185.jpg,6,鹦鹉,6.0,鹦鹉,5.0,金鱼,3.0,狗,1.0,0.00035909933,0.00025848433,0.0003370201,0.00046000385,0.00038196842,0.029687276,0.9685162
dataset_split/val/鹦鹉/187.jpg,6,鹦鹉,6.0,鹦鹉,5.0,金鱼,2.0,兔子,1.0,9.860734e-05,0.00016059417,0.0005765453,9.164868e-05,0.0004465559,0.006724706,0.99190134
dataset_split/val/鹦鹉/19.png,6,鹦鹉,6.0,鹦鹉,1.0,仓鼠,2.0,兔子,1.0,0.00023961929,0.011207962,0.0067037395,0.0018425547,0.0022222719,0.0013856513,0.9763982
dataset_split/val/鹦鹉/190.jpg,6,鹦鹉,6.0,鹦鹉,5.0,金鱼,3.0,狗,1.0,0.00013134805,0.00022555585,0.00025156696,0.000290398,4.662992e-05,0.0041945963,0.99485993
dataset_split/val/鹦鹉/198.jpg,6,鹦鹉,6.0,鹦鹉,2.0,兔子,5.0,金鱼,1.0,1.980026e-06,4.168162e-05,5.027567e-05,1.9980864e-06,5.216574e-06,4.678839e-05,0.99985206
dataset_split/val/鹦鹉/209.jpg,6,鹦鹉,6.0,鹦鹉,5.0,金鱼,1.0,仓鼠,1.0,5.763837e-05,0.00035394257,0.0002108684,0.00031854908,0.0002243456,0.0008876968,0.9979469
dataset_split/val/鹦鹉/210.jpg,6,鹦鹉,6.0,鹦鹉,5.0,金鱼,2.0,兔子,1.0,5.7065176e-06,1.4836418e-05,4.2142383e-05,8.890419e-06,3.511686e-06,0.00059545966,0.99932945
dataset_split/val/鹦鹉/211.jpg,6,鹦鹉,6.0,鹦鹉,5.0,金鱼,2.0,兔子,1.0,0.00011790435,1.6820519e-05,0.0001968827,3.252615e-05,5.0114268e-05,0.0052845427,0.9943012
dataset_split/val/鹦鹉/212.jpg,6,鹦鹉,6.0,鹦鹉,5.0,金鱼,2.0,兔子,1.0,0.00026958884,0.0010386327,0.0016581514,0.00041307884,0.000270001,0.004550698,0.9917998
dataset_split/val/鹦鹉/218.jpg,6,鹦鹉,6.0,鹦鹉,5.0,金鱼,4.0,猫,1.0,3.848233e-05,1.03964685e-05,2.5689604e-05,8.467906e-06,3.884245e-05,0.0006784695,0.9991997
dataset_split/val/鹦鹉/22.jpg,6,鹦鹉,6.0,鹦鹉,3.0,狗,0.0,乌龟,1.0,8.01332e-05,1.7299306e-05,6.171415e-05,0.00012834862,2.7425212e-05,7.065852e-05,0.99961436
dataset_split/val/鹦鹉/222.jpg,6,鹦鹉,6.0,鹦鹉,5.0,金鱼,0.0,乌龟,1.0,0.00010549911,3.0630283e-05,5.706326e-05,6.0145525e-05,5.3020165e-05,0.00074136595,0.99895227
dataset_split/val/鹦鹉/224.jpg,6,鹦鹉,6.0,鹦鹉,5.0,金鱼,2.0,兔子,1.0,0.00036477752,9.060498e-05,0.00047875577,0.00019019886,0.0001050952,0.0015053252,0.99726534
dataset_split/val/鹦鹉/23.jpg,6,鹦鹉,6.0,鹦鹉,5.0,金鱼,1.0,仓鼠,1.0,1.7583016e-05,0.00015776692,0.00011748204,3.070916e-05,8.157137e-05,0.00327526,0.99631965
dataset_split/val/鹦鹉/234.jpg,6,鹦鹉,6.0,鹦鹉,5.0,金鱼,2.0,兔子,1.0,0.0036217405,0.0013957774,0.0043447213,0.002318648,0.00087963534,0.040753756,0.9466857
dataset_split/val/鹦鹉/236.jpg,6,鹦鹉,6.0,鹦鹉,5.0,金鱼,0.0,乌龟,1.0,4.0646428e-05,8.63429e-06,3.1659398e-05,2.0348709e-05,1.0538614e-05,0.005821491,0.9940667
dataset_split/val/鹦鹉/237.jpg,6,鹦鹉,6.0,鹦鹉,5.0,金鱼,0.0,乌龟,1.0,0.002602576,0.00042758387,0.0004265624,0.0002242473,0.00014665586,0.010099803,0.98607254
dataset_split/val/鹦鹉/241.jpg,6,鹦鹉,6.0,鹦鹉,5.0,金鱼,2.0,兔子,1.0,2.0962457e-06,1.5016618e-05,0.000403529,6.032049e-05,6.4973974e-05,0.005116444,0.9943376
dataset_split/val/鹦鹉/254.jpg,6,鹦鹉,6.0,鹦鹉,2.0,兔子,3.0,狗,1.0,0.0011178628,0.0115169,0.03392985,0.014496304,0.0011985215,0.00431055,0.9334301
dataset_split/val/鹦鹉/256.jpg,6,鹦鹉,6.0,鹦鹉,5.0,金鱼,3.0,狗,1.0,2.8713616e-06,7.5816565e-06,5.031742e-06,1.00998805e-05,8.294754e-06,1.2964335e-05,0.99995315
dataset_split/val/鹦鹉/269.jpg,6,鹦鹉,6.0,鹦鹉,5.0,金鱼,4.0,猫,1.0,0.00039010055,0.00046743103,0.0007858436,0.00070527423,0.000975118,0.0022170576,0.99445915
dataset_split/val/鹦鹉/270.jpg,6,鹦鹉,6.0,鹦鹉,3.0,狗,0.0,乌龟,1.0,0.00024042287,2.2334463e-05,5.3574986e-05,0.00034714636,0.00013798411,0.00019508753,0.99900347
dataset_split/val/鹦鹉/276.jpg,6,鹦鹉,6.0,鹦鹉,5.0,金鱼,3.0,狗,1.0,0.00029354464,4.090036e-05,4.8576676e-05,0.0007946731,9.3104005e-05,0.0016115101,0.99711764
dataset_split/val/鹦鹉/28.jpg,6,鹦鹉,6.0,鹦鹉,0.0,乌龟,3.0,狗,1.0,2.834811e-05,8.042495e-06,5.775482e-06,2.1404645e-05,1.7543856e-05,1.3479362e-05,0.99990547
dataset_split/val/鹦鹉/280.jpg,6,鹦鹉,6.0,鹦鹉,0.0,乌龟,5.0,金鱼,1.0,0.00010571961,1.27399835e-05,5.5180253e-06,8.0218915e-06,8.627854e-06,4.437372e-05,0.99981517
dataset_split/val/鹦鹉/283.jpg,6,鹦鹉,6.0,鹦鹉,5.0,金鱼,4.0,猫,1.0,0.00020440966,8.528965e-05,0.00049778324,0.0001624913,0.0019760148,0.0030235057,0.99405044
dataset_split/val/鹦鹉/292.jpg,6,鹦鹉,6.0,鹦鹉,2.0,兔子,1.0,仓鼠,1.0,3.9035363e-05,0.00050123816,0.0010516336,2.0906762e-05,6.312778e-05,0.00018823124,0.9981358
dataset_split/val/鹦鹉/293.jpg,6,鹦鹉,6.0,鹦鹉,5.0,金鱼,3.0,狗,1.0,5.2668132e-05,1.3184788e-05,3.6312966e-05,7.2710514e-05,2.602492e-05,0.0004306072,0.9993685
dataset_split/val/鹦鹉/300.jpg,6,鹦鹉,6.0,鹦鹉,5.0,金鱼,0.0,乌龟,1.0,2.0767686e-05,2.2941138e-06,4.049682e-06,1.853193e-05,1.715835e-05,8.8085195e-05,0.9998491
dataset_split/val/鹦鹉/301.jpg,6,鹦鹉,6.0,鹦鹉,5.0,金鱼,1.0,仓鼠,1.0,0.00024026698,0.0014346355,0.0011331299,0.00052118587,0.00029105874,0.0023532014,0.9940264
dataset_split/val/鹦鹉/305.jpg,6,鹦鹉,6.0,鹦鹉,5.0,金鱼,2.0,兔子,1.0,1.0779529e-05,0.0003825374,0.0006375785,9.733828e-05,0.0001913436,0.00078993593,0.99789053
dataset_split/val/鹦鹉/313.jpg,6,鹦鹉,6.0,鹦鹉,2.0,兔子,5.0,金鱼,1.0,2.5354675e-05,0.0012292332,0.0023235984,0.00046556158,0.0002535307,0.0013839396,0.9943188
dataset_split/val/鹦鹉/316.jpg,6,鹦鹉,6.0,鹦鹉,5.0,金鱼,1.0,仓鼠,1.0,7.918591e-06,6.282365e-05,6.227355e-05,9.207476e-06,5.935781e-06,0.00017072825,0.9996811
dataset_split/val/鹦鹉/327.jpg,6,鹦鹉,6.0,鹦鹉,5.0,金鱼,1.0,仓鼠,1.0,0.0032836073,0.011027244,0.004341989,0.001142825,0.0015650238,0.033385918,0.94525343
dataset_split/val/鹦鹉/329.jpg,6,鹦鹉,6.0,鹦鹉,5.0,金鱼,2.0,兔子,1.0,7.2849525e-06,3.109235e-05,6.877782e-05,2.8831126e-05,2.0564434e-05,0.000267899,0.99957556
dataset_split/val/鹦鹉/336.jpg,6,鹦鹉,6.0,鹦鹉,5.0,金鱼,1.0,仓鼠,1.0,0.00015982089,0.00040729478,0.0003285936,0.00029126802,0.00012792514,0.003388858,0.9952963
dataset_split/val/鹦鹉/343.jpg,6,鹦鹉,6.0,鹦鹉,1.0,仓鼠,2.0,兔子,1.0,0.0014667588,0.006372446,0.0048831613,0.0011760936,0.0004013809,0.004586409,0.98111373
dataset_split/val/鹦鹉/344.jpg,6,鹦鹉,6.0,鹦鹉,5.0,金鱼,2.0,兔子,1.0,0.00092341827,0.0019620187,0.00674407,0.0027918424,0.0007574643,0.014355394,0.9724658
dataset_split/val/鹦鹉/347.jpg,6,鹦鹉,6.0,鹦鹉,5.0,金鱼,1.0,仓鼠,1.0,0.0002242528,0.0013290608,0.0004157353,0.0004769673,0.00025405647,0.0016257825,0.9956741
dataset_split/val/鹦鹉/358.jpg,6,鹦鹉,6.0,鹦鹉,5.0,金鱼,1.0,仓鼠,1.0,0.00026903627,0.0026027444,0.0021503493,0.0003121274,0.00033900712,0.004869332,0.9894574
dataset_split/val/鹦鹉/36.jpg,6,鹦鹉,6.0,鹦鹉,5.0,金鱼,0.0,乌龟,1.0,0.0009839522,1.1896877e-05,7.0496826e-06,8.222048e-05,6.307797e-05,0.0030517546,0.9958001
dataset_split/val/鹦鹉/360.jpg,6,鹦鹉,6.0,鹦鹉,5.0,金鱼,1.0,仓鼠,1.0,2.3430668e-05,0.00037580007,0.00028555124,5.5529963e-05,1.6062266e-05,0.002522845,0.99672085
dataset_split/val/鹦鹉/366.jpg,6,鹦鹉,6.0,鹦鹉,5.0,金鱼,3.0,狗,1.0,7.144313e-06,1.5873466e-05,3.4021647e-05,7.24862e-05,2.917281e-05,7.813261e-05,0.9997632
dataset_split/val/鹦鹉/38.jpeg,6,鹦鹉,6.0,鹦鹉,5.0,金鱼,2.0,兔子,1.0,5.644538e-06,2.1413955e-06,3.2448854e-05,5.4018587e-06,3.4195946e-06,0.00078845234,0.99916255
dataset_split/val/鹦鹉/380.jpg,6,鹦鹉,6.0,鹦鹉,5.0,金鱼,2.0,兔子,1.0,0.00012088907,0.00014699063,0.0004793459,6.104745e-05,6.170748e-05,0.0007515775,0.9983784
dataset_split/val/鹦鹉/384.jpg,6,鹦鹉,6.0,鹦鹉,1.0,仓鼠,5.0,金鱼,1.0,0.00951278,0.041560818,0.029243618,0.004801113,0.0047680596,0.040457357,0.86965626
dataset_split/val/鹦鹉/388.jpg,6,鹦鹉,6.0,鹦鹉,2.0,兔子,5.0,金鱼,1.0,1.2656864e-06,1.0318648e-05,2.2349219e-05,3.9315873e-06,1.5238525e-06,2.0749616e-05,0.9999399
dataset_split/val/鹦鹉/39.jpg,6,鹦鹉,6.0,鹦鹉,2.0,兔子,3.0,狗,1.0,1.5523745e-05,6.707336e-05,0.000620276,8.820209e-05,2.4061264e-05,2.5282134e-05,0.9991596
dataset_split/val/鹦鹉/394.jpg,6,鹦鹉,6.0,鹦鹉,4.0,猫,1.0,仓鼠,1.0,0.0010093482,0.026480578,0.00543586,0.0029915296,0.029871427,0.008236847,0.9259743
dataset_split/val/鹦鹉/395.jpg,6,鹦鹉,6.0,鹦鹉,5.0,金鱼,2.0,兔子,1.0,1.1342037e-05,1.4382042e-06,3.0143268e-05,1.4267419e-05,7.931048e-06,5.2301253e-05,0.99988246
dataset_split/val/鹦鹉/401.jpg,6,鹦鹉,6.0,鹦鹉,1.0,仓鼠,5.0,金鱼,1.0,1.2065313e-05,0.0015726774,0.0007953268,7.072123e-06,2.513642e-05,0.0010232533,0.99656445
dataset_split/val/鹦鹉/405.jpg,6,鹦鹉,6.0,鹦鹉,1.0,仓鼠,2.0,兔子,1.0,0.00015051055,0.0029544497,0.0020775062,0.0002172289,0.00013198915,0.00043108236,0.9940373
dataset_split/val/鹦鹉/420.jpg,6,鹦鹉,6.0,鹦鹉,5.0,金鱼,0.0,乌龟,1.0,0.0005535824,0.00010046715,0.00023983125,5.35092e-05,0.00013508416,0.0024738524,0.99644357
dataset_split/val/鹦鹉/422.jpg,6,鹦鹉,6.0,鹦鹉,2.0,兔子,4.0,猫,1.0,0.0048220437,0.011052784,0.16571309,0.014810757,0.029523538,0.00788801,0.76618975
dataset_split/val/鹦鹉/427.jpg,6,鹦鹉,6.0,鹦鹉,0.0,乌龟,5.0,金鱼,1.0,0.025470747,0.0013850353,0.0029785272,0.005025553,0.0023059994,0.013492905,0.94934124
dataset_split/val/鹦鹉/431.jpg,6,鹦鹉,6.0,鹦鹉,5.0,金鱼,2.0,兔子,1.0,1.3884054e-05,4.9137932e-05,7.205629e-05,2.175087e-05,2.3339036e-05,0.0009844152,0.9988354
dataset_split/val/鹦鹉/432.jpg,6,鹦鹉,6.0,鹦鹉,3.0,狗,2.0,兔子,1.0,0.00013812305,0.0015861876,0.0037922454,0.005008094,0.0006454907,0.0012003286,0.98762953
dataset_split/val/鹦鹉/441.jpg,6,鹦鹉,6.0,鹦鹉,5.0,金鱼,0.0,乌龟,1.0,0.0021146585,0.00028333752,0.00034806755,0.0008487097,0.00014072208,0.0021322055,0.99413234
dataset_split/val/鹦鹉/442.jpg,6,鹦鹉,6.0,鹦鹉,2.0,兔子,3.0,狗,1.0,8.311076e-05,0.0004647801,0.0033087612,0.0009782284,0.00041276426,0.00059775176,0.99415463
dataset_split/val/鹦鹉/443.jpg,6,鹦鹉,6.0,鹦鹉,5.0,金鱼,2.0,兔子,1.0,0.0001465309,0.00012637321,0.00019383259,1.3820676e-05,0.00015094575,0.0011659412,0.99820256
dataset_split/val/鹦鹉/453.jpg,6,鹦鹉,6.0,鹦鹉,5.0,金鱼,0.0,乌龟,1.0,0.00013952001,2.1206512e-05,3.5606296e-05,9.524306e-05,5.4590575e-05,0.001105581,0.9985482
dataset_split/val/鹦鹉/454.jpg,6,鹦鹉,6.0,鹦鹉,5.0,金鱼,1.0,仓鼠,1.0,0.00012845674,0.00026680747,0.0001350165,0.00016959589,9.76735e-05,0.00038748246,0.99881506
dataset_split/val/鹦鹉/455.jpg,6,鹦鹉,6.0,鹦鹉,1.0,仓鼠,4.0,猫,1.0,3.8374594e-05,0.00047066642,6.5657485e-05,0.00013020792,0.0004387418,5.28329e-05,0.9988036
dataset_split/val/鹦鹉/46.png,6,鹦鹉,6.0,鹦鹉,5.0,金鱼,3.0,狗,1.0,0.0004059822,5.6333072e-05,0.0005052094,0.0006683026,0.0004259482,0.00082042307,0.9971179
dataset_split/val/鹦鹉/461.jpg,6,鹦鹉,6.0,鹦鹉,5.0,金鱼,2.0,兔子,1.0,8.736351e-06,4.8518623e-06,1.9489931e-05,1.4101961e-06,1.0208094e-05,0.0008809601,0.99907434
dataset_split/val/鹦鹉/466.jpg,6,鹦鹉,6.0,鹦鹉,5.0,金鱼,4.0,猫,1.0,2.60325e-05,1.6437434e-05,2.0083848e-05,9.500125e-05,0.00014227469,0.00047138342,0.9992287
dataset_split/val/鹦鹉/47.jpg,6,鹦鹉,6.0,鹦鹉,1.0,仓鼠,5.0,金鱼,1.0,0.0005923498,0.0016550643,0.00096701685,0.00088756223,0.00045016588,0.0013404026,0.9941075
dataset_split/val/鹦鹉/494.jpg,6,鹦鹉,6.0,鹦鹉,5.0,金鱼,3.0,狗,1.0,5.27372e-05,9.166891e-05,8.8085864e-05,0.0003021322,5.9372003e-05,0.0023982946,0.9970078
dataset_split/val/鹦鹉/58.jpg,6,鹦鹉,6.0,鹦鹉,1.0,仓鼠,5.0,金鱼,1.0,0.0012050165,0.0053467895,0.004873972,0.0027555611,0.001466019,0.005270986,0.97908163
dataset_split/val/鹦鹉/59.jpg,6,鹦鹉,6.0,鹦鹉,1.0,仓鼠,2.0,兔子,1.0,2.2816672e-05,0.00026384144,0.00023211162,2.4441018e-05,1.7875052e-05,0.00019028234,0.99924845
dataset_split/val/鹦鹉/61.jpg,6,鹦鹉,6.0,鹦鹉,5.0,金鱼,2.0,兔子,1.0,1.545416e-05,6.341927e-06,3.4146567e-05,2.0553496e-06,2.3754235e-06,5.7247104e-05,0.99988234
dataset_split/val/鹦鹉/63.jpg,6,鹦鹉,6.0,鹦鹉,0.0,乌龟,5.0,金鱼,1.0,3.358717e-05,6.2839317e-06,2.6955524e-06,2.4768378e-06,2.308451e-06,2.5535257e-05,0.99992704
dataset_split/val/鹦鹉/69.png,6,鹦鹉,6.0,鹦鹉,1.0,仓鼠,2.0,兔子,1.0,1.3145233e-05,9.656369e-05,6.1403625e-05,1.219898e-05,2.3630405e-06,1.5383146e-05,0.99979895
dataset_split/val/鹦鹉/77.jpg,6,鹦鹉,6.0,鹦鹉,1.0,仓鼠,2.0,兔子,1.0,0.00021789361,0.1331616,0.07737693,0.0019512477,0.0072641987,0.002794568,0.7772335
dataset_split/val/鹦鹉/85.jpeg,6,鹦鹉,6.0,鹦鹉,1.0,仓鼠,5.0,金鱼,1.0,0.00029225982,0.00074982306,0.00041521664,3.5584948e-05,8.747625e-05,0.0006452718,0.9977743
dataset_split/val/鹦鹉/88.jpeg,6,鹦鹉,6.0,鹦鹉,1.0,仓鼠,2.0,兔子,1.0,0.00056746375,0.083318576,0.020077255,0.0020920448,0.013484335,0.011416547,0.8690438
dataset_split/val/鹦鹉/90.jpg,6,鹦鹉,6.0,鹦鹉,1.0,仓鼠,2.0,兔子,1.0,0.00022838438,0.0077728555,0.005680962,0.0010858163,0.0006157943,0.00090340787,0.9837128
dataset_split/val/鹦鹉/95.jpeg,6,鹦鹉,6.0,鹦鹉,1.0,仓鼠,4.0,猫,1.0,0.00045571485,0.0021268537,0.0011503024,0.0007569544,0.0012002664,0.00046951583,0.99384046
