epoch,batch,train_loss,train_accuracy
0,0,2.315501,0.1875
1,1,1.9852861,0.25
1,2,1.7546175,0.25
1,3,1.9407139,0.28125
1,4,1.9075744,0.21875
1,5,1.619717,0.4375
1,6,1.7387459,0.40625
1,7,1.6195211,0.4375
1,8,1.4094182,0.65625
1,9,1.4077954,0.59375
1,10,1.4020826,0.59375
1,11,1.431043,0.59375
1,12,1.5171704,0.4375
1,13,1.2652569,0.71875
1,14,1.3326986,0.6875
1,15,1.5995958,0.34375
1,16,1.1771411,0.6875
1,17,1.1000402,0.71875
1,18,1.1237024,0.78125
1,19,1.2529382,0.65625
1,20,1.3112866,0.5625
1,21,0.989129,0.84375
1,22,1.2484342,0.625
1,23,1.0445944,0.75
1,24,0.9858196,0.875
1,25,0.98566616,0.6875
1,26,1.0369567,0.6875
1,27,1.0927591,0.65625
1,28,0.8706424,0.78125
1,29,1.1401457,0.71875
1,30,1.0189298,0.625
1,31,1.1017598,0.65625
1,32,0.81826705,0.8125
1,33,0.75652784,0.90625
1,34,0.84108204,0.78125
1,35,0.86907625,0.78125
1,36,0.7871084,0.78125
1,37,0.8926372,0.65625
1,38,0.9492973,0.78125
1,39,0.78359294,0.75
1,40,0.83461255,0.8125
1,41,0.659139,0.90625
1,42,0.740083,0.8125
1,43,0.8562447,0.8125
1,44,0.674993,0.84375
1,45,0.8908735,0.6875
1,46,0.78640676,0.84375
1,47,0.6368828,0.875
1,48,0.83444536,0.84375
1,49,0.6324733,0.875
1,50,0.6595149,0.8125
1,51,0.7288129,0.78125
1,52,0.6433982,0.90625
1,53,0.70119274,0.78125
1,54,0.79066885,0.75
1,55,0.55132896,0.84375
1,56,0.7199298,0.75
1,57,0.6905354,0.84375
1,58,0.7427036,0.8125
1,59,0.54738283,0.875
1,60,0.7913402,0.75
1,61,0.3859319,0.96875
1,62,0.45912713,0.90625
1,63,0.75020057,0.78125
1,64,0.5651968,0.875
1,65,0.48492682,0.84375
1,66,0.6995217,0.8125
1,67,0.63737136,0.78125
1,68,0.4854589,0.875
1,69,0.66181546,0.78125
1,70,0.6357661,0.78125
1,71,0.66431916,0.84375
1,72,0.6278034,0.875
1,73,1.0054698,0.6923076923076923
2,74,0.5034804,0.875
2,75,0.5257505,0.8125
2,76,0.6699882,0.8125
2,77,0.43760633,0.90625
2,78,0.7520432,0.71875
2,79,0.6071646,0.8125
2,80,0.40316823,0.9375
2,81,0.6060774,0.78125
2,82,0.49828324,0.84375
2,83,0.5374049,0.78125
2,84,0.3004844,0.90625
2,85,0.8936953,0.6875
2,86,0.78270185,0.78125
2,87,0.7055735,0.71875
2,88,0.5411667,0.8125
2,89,0.64376587,0.84375
2,90,0.5622789,0.875
2,91,0.4392286,0.90625
2,92,0.39522222,0.90625
2,93,0.5216226,0.84375
2,94,0.31913725,0.96875
2,95,0.8067769,0.75
2,96,0.5175369,0.84375
2,97,0.64119655,0.6875
2,98,0.34419426,0.9375
2,99,0.3798601,0.875
2,100,0.6228075,0.71875
2,101,0.46244925,0.84375
2,102,0.31893936,0.9375
2,103,0.41325045,0.875
2,104,0.4886315,0.84375
2,105,0.6574745,0.8125
2,106,0.38556704,0.90625
2,107,0.5909436,0.90625
2,108,0.44935253,0.875
2,109,0.36580396,0.875
2,110,0.61107564,0.8125
2,111,0.38662797,0.90625
2,112,0.43374905,0.875
2,113,0.34330606,0.9375
2,114,0.53981453,0.8125
2,115,0.43127704,0.875
2,116,0.56315047,0.84375
2,117,0.5527639,0.84375
2,118,0.37125877,0.9375
2,119,0.49953726,0.8125
2,120,0.3782842,0.9375
2,121,0.43189147,0.8125
2,122,0.63638073,0.75
2,123,0.6172014,0.78125
2,124,0.5391447,0.84375
2,125,0.47070435,0.8125
2,126,0.5052996,0.8125
2,127,0.5589735,0.78125
2,128,0.39528582,0.90625
2,129,0.53769183,0.8125
2,130,0.3279746,0.9375
2,131,0.4792337,0.9375
2,132,0.41670293,0.84375
2,133,0.30024692,0.9375
2,134,0.41305962,0.875
2,135,0.37939587,0.8125
2,136,0.43173602,0.9375
2,137,0.67501175,0.71875
2,138,0.51731884,0.84375
2,139,0.52156657,0.78125
2,140,0.5380677,0.78125
2,141,0.3463689,0.875
2,142,0.5180862,0.84375
2,143,0.40936786,0.9375
2,144,0.35469434,0.90625
2,145,0.42311803,0.875
2,146,0.394762,0.8461538461538461
3,147,0.4499343,0.8125
3,148,0.5009715,0.84375
3,149,0.52759224,0.8125
3,150,0.41999167,0.875
3,151,0.57901895,0.8125
3,152,0.41409597,0.90625
3,153,0.41401842,0.875
3,154,0.40231806,0.8125
3,155,0.3527731,0.9375
3,156,0.70070684,0.6875
3,157,0.4385029,0.90625
3,158,0.42494065,0.90625
3,159,0.44953552,0.90625
3,160,0.4426852,0.90625
3,161,0.40792593,0.84375
3,162,0.51472414,0.875
3,163,0.22673173,0.96875
3,164,0.46918443,0.84375
3,165,0.46363834,0.875
3,166,0.5158657,0.78125
3,167,0.4332219,0.90625
3,168,0.48785228,0.875
3,169,0.37961462,0.875
3,170,0.3317279,0.9375
3,171,0.31369424,0.96875
3,172,0.39111522,0.875
3,173,0.32463425,0.875
3,174,0.4791838,0.8125
3,175,0.33676514,0.90625
3,176,0.36913496,0.875
3,177,0.5269378,0.78125
3,178,0.37740052,0.90625
3,179,0.38385314,0.90625
3,180,0.36910143,0.875
3,181,0.26380873,0.9375
3,182,0.49669644,0.84375
3,183,0.3380434,0.90625
3,184,0.28270298,0.90625
3,185,0.40901896,0.84375
3,186,0.508654,0.84375
3,187,0.4170892,0.8125
3,188,0.43049043,0.84375
3,189,0.29648718,0.9375
3,190,0.5168833,0.8125
3,191,0.36890307,0.84375
3,192,0.37198892,0.875
3,193,0.37991637,0.90625
3,194,0.49261987,0.78125
3,195,0.23339337,0.9375
3,196,0.25729603,0.9375
3,197,0.45517614,0.875
3,198,0.34062973,0.9375
3,199,0.35353094,0.875
3,200,0.36101103,0.90625
3,201,0.28555018,0.90625
3,202,0.6739269,0.71875
3,203,0.39235446,0.875
3,204,0.4739847,0.90625
3,205,0.43031076,0.8125
3,206,0.32823467,0.90625
3,207,0.5594088,0.75
3,208,0.26681975,0.96875
3,209,0.2612385,0.96875
3,210,0.5519891,0.84375
3,211,0.28851685,0.90625
3,212,0.34357056,0.875
3,213,0.33763865,0.8125
3,214,0.65134305,0.8125
3,215,0.45372492,0.75
3,216,0.25752515,0.9375
3,217,0.2739355,0.90625
3,218,0.38476917,0.875
3,219,0.339939,0.9230769230769231
4,220,0.38428512,0.9375
4,221,0.2973295,0.875
4,222,0.30943906,0.90625
4,223,0.5055589,0.8125
4,224,0.33575264,0.90625
4,225,0.32628006,0.9375
4,226,0.4159822,0.90625
4,227,0.44394615,0.875
4,228,0.49112993,0.78125
4,229,0.5785525,0.875
4,230,0.35688975,0.90625
4,231,0.2930485,0.875
4,232,0.33051425,0.90625
4,233,0.27018324,0.96875
4,234,0.8578755,0.6875
4,235,0.28606233,0.9375
4,236,0.45866466,0.84375
4,237,0.52891785,0.8125
4,238,0.230693,0.9375
4,239,0.38157862,0.875
4,240,0.28881004,0.90625
4,241,0.36195937,0.90625
4,242,0.3794139,0.90625
4,243,0.28506148,0.90625
4,244,0.36950335,0.9375
4,245,0.41257688,0.9375
4,246,0.34251514,0.96875
4,247,0.48457095,0.78125
4,248,0.27022004,0.9375
4,249,0.4927597,0.875
4,250,0.2904006,0.875
4,251,0.4209219,0.90625
4,252,0.3117953,0.9375
4,253,0.33539996,0.90625
4,254,0.48552933,0.90625
4,255,0.3938575,0.84375
4,256,0.25947696,0.875
4,257,0.35009116,0.875
4,258,0.21621919,0.90625
4,259,0.34931868,0.875
4,260,0.34518933,0.90625
4,261,0.31522572,0.90625
4,262,0.24864355,0.96875
4,263,0.29133973,0.9375
4,264,0.3125951,0.90625
4,265,0.2461023,0.9375
4,266,0.17781226,1.0
4,267,0.56884444,0.8125
4,268,0.331696,0.875
4,269,0.34819064,0.875
4,270,0.43505833,0.78125
4,271,0.36562607,0.84375
4,272,0.22702256,0.9375
4,273,0.43825614,0.875
4,274,0.32206059,0.90625
4,275,0.25196388,0.9375
4,276,0.38739526,0.90625
4,277,0.39282036,0.8125
4,278,0.4596211,0.84375
4,279,0.4191347,0.875
4,280,0.2500949,0.9375
4,281,0.38020557,0.84375
4,282,0.3515865,0.875
4,283,0.36394262,0.875
4,284,0.20125942,1.0
4,285,0.38027766,0.875
4,286,0.39587915,0.84375
4,287,0.32877386,0.90625
4,288,0.2558965,0.9375
4,289,0.24288987,0.96875
4,290,0.30607256,0.875
4,291,0.3214593,0.90625
4,292,0.7773254,0.5384615384615384
5,293,0.29491958,0.90625
5,294,0.31568286,0.9375
5,295,0.30945322,0.90625
5,296,0.41081136,0.875
5,297,0.15400271,0.96875
5,298,0.14800012,1.0
5,299,0.2291742,0.9375
5,300,0.26260397,0.9375
5,301,0.36321396,0.84375
5,302,0.2628703,0.9375
5,303,0.46212465,0.875
5,304,0.30730498,0.90625
5,305,0.3711627,0.90625
5,306,0.33369923,0.875
5,307,0.5493449,0.8125
5,308,0.15389538,0.96875
5,309,0.41465038,0.875
5,310,0.29420424,0.875
5,311,0.3730756,0.90625
5,312,0.42686063,0.84375
5,313,0.15044865,1.0
5,314,0.18251525,0.96875
5,315,0.20811222,0.9375
5,316,0.33184668,0.875
5,317,0.28447846,0.96875
5,318,0.32001972,0.875
5,319,0.16299208,1.0
5,320,0.12569225,0.96875
5,321,0.479585,0.75
5,322,0.17390439,0.9375
5,323,0.28874782,0.9375
5,324,0.4082861,0.8125
5,325,0.30974123,0.90625
5,326,0.37715545,0.875
5,327,0.40152553,0.875
5,328,0.3054697,0.9375
5,329,0.3082058,0.90625
5,330,0.32615784,0.875
5,331,0.27000707,0.9375
5,332,0.31056762,0.875
5,333,0.47343415,0.84375
5,334,0.33437628,0.90625
5,335,0.5191978,0.8125
5,336,0.43806207,0.875
5,337,0.34008715,0.84375
5,338,0.4772746,0.875
5,339,0.25172874,0.90625
5,340,0.32439107,0.875
5,341,0.37178302,0.8125
5,342,0.3205003,0.90625
5,343,0.14876314,0.96875
5,344,0.27827525,0.875
5,345,0.23875922,1.0
5,346,0.49394324,0.8125
5,347,0.35007775,0.875
5,348,0.3570395,0.84375
5,349,0.31170544,0.9375
5,350,0.6373059,0.78125
5,351,0.2997087,0.9375
5,352,0.28661978,0.90625
5,353,0.23547153,0.9375
5,354,0.3382364,0.84375
5,355,0.47275925,0.90625
5,356,0.36666125,0.90625
5,357,0.1569786,1.0
5,358,0.5433555,0.8125
5,359,0.21581538,0.96875
5,360,0.3263949,0.96875
5,361,0.3802185,0.90625
5,362,0.39997432,0.84375
5,363,0.40618515,0.84375
5,364,0.24601558,0.90625
5,365,0.42456573,0.8461538461538461
6,366,0.23260775,0.90625
6,367,0.17032792,0.96875
6,368,0.24124011,0.96875
6,369,0.3330863,0.9375
6,370,0.24440101,0.90625
6,371,0.49512395,0.78125
6,372,0.35790512,0.9375
6,373,0.28793728,0.875
6,374,0.52774036,0.78125
6,375,0.2795426,0.9375
6,376,0.390558,0.875
6,377,0.21320084,0.9375
6,378,0.32582477,0.875
6,379,0.31560138,0.84375
6,380,0.5801365,0.8125
6,381,0.38164982,0.9375
6,382,0.30644712,0.9375
6,383,0.30154315,0.9375
6,384,0.16462474,0.9375
6,385,0.3840986,0.84375
6,386,0.26081493,0.9375
6,387,0.3720866,0.90625
6,388,0.5198741,0.8125
6,389,0.56391853,0.8125
6,390,0.5474626,0.71875
6,391,0.48508063,0.84375
6,392,0.6343955,0.78125
6,393,0.23527232,0.90625
6,394,0.3114166,0.84375
6,395,0.2271971,0.9375
6,396,0.2854174,0.90625
6,397,0.12817335,0.96875
6,398,0.3225023,0.90625
6,399,0.30262026,0.90625
6,400,0.4088547,0.84375
6,401,0.24091749,0.9375
6,402,0.30349222,0.90625
6,403,0.33888364,0.90625
6,404,0.19553788,0.96875
6,405,0.41547775,0.84375
6,406,0.19678605,0.90625
6,407,0.37078205,0.84375
6,408,0.36318678,0.84375
6,409,0.2830876,0.875
6,410,0.21307482,0.96875
6,411,0.48809746,0.875
6,412,0.26123297,0.90625
6,413,0.202902,0.96875
6,414,0.4776355,0.8125
6,415,0.32558885,0.90625
6,416,0.4024686,0.875
6,417,0.1632692,0.9375
6,418,0.39448535,0.84375
6,419,0.3332323,0.875
6,420,0.3346887,0.875
6,421,0.28937462,0.9375
6,422,0.2581369,0.9375
6,423,0.36003193,0.875
6,424,0.23074591,0.96875
6,425,0.2009106,0.90625
6,426,0.11908702,0.9375
6,427,0.24727261,0.90625
6,428,0.35472363,0.84375
6,429,0.391278,0.875
6,430,0.5681275,0.78125
6,431,0.1955977,0.90625
6,432,0.40106887,0.84375
6,433,0.5484965,0.875
6,434,0.26303992,0.9375
6,435,0.3854294,0.8125
6,436,0.22279136,0.90625
6,437,0.28509495,0.875
6,438,1.0168144,0.6153846153846154
7,439,0.29503053,0.90625
7,440,0.1924873,0.90625
7,441,0.33139783,0.90625
7,442,0.17209992,0.9375
7,443,0.32591933,0.875
7,444,0.3771186,0.875
7,445,0.24262246,0.9375
7,446,0.310199,0.9375
7,447,0.64907354,0.71875
7,448,0.17387795,0.96875
7,449,0.21870679,0.9375
7,450,0.14783925,0.96875
7,451,0.21452147,0.9375
7,452,0.31664196,0.875
7,453,0.27639928,0.90625
7,454,0.28571653,0.9375
7,455,0.33115435,0.875
7,456,0.31600517,0.84375
7,457,0.21012208,0.90625
7,458,0.34511903,0.875
7,459,0.4677994,0.8125
7,460,0.34749782,0.90625
7,461,0.30369055,0.8125
7,462,0.2792032,0.9375
7,463,0.32270977,0.875
7,464,0.30555218,0.90625
7,465,0.33301443,0.875
7,466,0.279951,0.90625
7,467,0.24167027,0.9375
7,468,0.41454667,0.84375
7,469,0.18765941,0.96875
7,470,0.14091232,0.96875
7,471,0.09306022,0.96875
7,472,0.35558242,0.90625
7,473,0.2561216,0.90625
7,474,0.23541322,0.9375
7,475,0.16523346,0.96875
7,476,0.28936872,0.90625
7,477,0.3115674,0.9375
7,478,0.2582639,0.90625
7,479,0.19683214,0.90625
7,480,0.47202978,0.8125
7,481,0.42894167,0.84375
7,482,0.33441293,0.9375
7,483,0.40057704,0.8125
7,484,0.29664257,0.90625
7,485,0.33249283,0.90625
7,486,0.27705318,0.9375
7,487,0.24055813,0.90625
7,488,0.134947,1.0
7,489,0.42429504,0.8125
7,490,0.15702604,0.96875
7,491,0.40367195,0.875
7,492,0.43404263,0.84375
7,493,0.1725889,0.9375
7,494,0.475636,0.84375
7,495,0.21419418,0.9375
7,496,0.29109132,0.90625
7,497,0.100434296,1.0
7,498,0.2469174,0.90625
7,499,0.35932678,0.875
7,500,0.3239817,0.90625
7,501,0.23555787,0.9375
7,502,0.22865522,0.9375
7,503,0.2403461,0.9375
7,504,0.25315353,0.9375
7,505,0.5297773,0.8125
7,506,0.2130838,0.9375
7,507,0.34744966,0.875
7,508,0.3396791,0.90625
7,509,0.3502814,0.84375
7,510,0.26081678,0.9375
7,511,0.38190064,0.9230769230769231
8,512,0.22256187,0.9375
8,513,0.3402545,0.875
8,514,0.29749763,0.9375
8,515,0.35699055,0.84375
8,516,0.080337755,1.0
8,517,0.20831664,0.90625
8,518,0.27611327,0.9375
8,519,0.3107526,0.84375
8,520,0.1440659,0.9375
8,521,0.28865236,0.90625
8,522,0.34654653,0.90625
8,523,0.19921315,0.96875
8,524,0.26351872,0.9375
8,525,0.29356518,0.875
8,526,0.31419662,0.90625
8,527,0.15027846,0.96875
8,528,0.3107024,0.90625
8,529,0.31185812,0.90625
8,530,0.26118532,0.90625
8,531,0.37222213,0.84375
8,532,0.58435446,0.71875
8,533,0.242101,0.9375
8,534,0.4920547,0.84375
8,535,0.3520517,0.8125
8,536,0.31527108,0.8125
8,537,0.4239011,0.875
8,538,0.2979504,0.875
8,539,0.6232757,0.84375
8,540,0.350045,0.9375
8,541,0.329646,0.90625
8,542,0.14369908,1.0
8,543,0.32722235,0.90625
8,544,0.37452778,0.84375
8,545,0.4645025,0.8125
8,546,0.24958237,0.96875
8,547,0.34908915,0.875
8,548,0.23890355,0.9375
8,549,0.3099276,0.90625
8,550,0.59016085,0.84375
8,551,0.42156172,0.9375
8,552,0.2887308,0.875
8,553,0.2061899,0.96875
8,554,0.13649043,0.96875
8,555,0.1874479,0.90625
8,556,0.1460238,0.9375
8,557,0.35029235,0.84375
8,558,0.19142327,0.9375
8,559,0.29417148,0.96875
8,560,0.21086477,0.9375
8,561,0.23941244,0.90625
8,562,0.53103876,0.78125
8,563,0.295187,0.875
8,564,0.2677025,0.90625
8,565,0.34215248,0.90625
8,566,0.28170243,0.875
8,567,0.3417806,0.875
8,568,0.24213333,0.9375
8,569,0.22266333,0.9375
8,570,0.21539757,0.90625
8,571,0.54339737,0.78125
8,572,0.100189015,1.0
8,573,0.14008512,0.96875
8,574,0.26578483,0.9375
8,575,0.22838086,0.9375
8,576,0.27234805,0.90625
8,577,0.24965301,0.9375
8,578,0.29415452,0.84375
8,579,0.21577278,0.9375
8,580,0.34388202,0.875
8,581,0.33698443,0.90625
8,582,0.3550176,0.84375
8,583,0.19736746,0.96875
8,584,0.1829996,0.9230769230769231
9,585,0.29512733,0.90625
9,586,0.25815052,0.875
9,587,0.4143597,0.90625
9,588,0.27851903,0.90625
9,589,0.23781952,0.9375
9,590,0.33710983,0.90625
9,591,0.18855284,0.9375
9,592,0.30078706,0.9375
9,593,0.38985604,0.875
9,594,0.30165124,0.875
9,595,0.28038207,0.90625
9,596,0.35487917,0.875
9,597,0.24867548,0.96875
9,598,0.43489167,0.84375
9,599,0.19143423,0.9375
9,600,0.49725702,0.84375
9,601,0.32993308,0.875
9,602,0.15895678,0.9375
9,603,0.32918432,0.875
9,604,0.22622222,0.9375
9,605,0.4194641,0.8125
9,606,0.21397911,0.9375
9,607,0.5346821,0.84375
9,608,0.3219539,0.875
9,609,0.33894533,0.8125
9,610,0.17549609,0.96875
9,611,0.32853445,0.9375
9,612,0.28947952,0.875
9,613,0.31504044,0.875
9,614,0.41551796,0.84375
9,615,0.26977158,0.90625
9,616,0.37216204,0.875
9,617,0.24929442,0.875
9,618,0.34934717,0.875
9,619,0.43856096,0.84375
9,620,0.28386477,0.875
9,621,0.45092958,0.875
9,622,0.3498099,0.875
9,623,0.28095543,0.90625
9,624,0.2932701,0.90625
9,625,0.2621628,0.875
9,626,0.47497618,0.84375
9,627,0.1713469,0.96875
9,628,0.20331535,0.9375
9,629,0.25357693,0.90625
9,630,0.30022886,0.875
9,631,0.4077269,0.875
9,632,0.6362877,0.78125
9,633,0.12232909,1.0
9,634,0.18474188,0.96875
9,635,0.19199958,0.96875
9,636,0.33461297,0.90625
9,637,0.3942235,0.90625
9,638,0.37304106,0.875
9,639,0.38941666,0.90625
9,640,0.3727738,0.875
9,641,0.3964559,0.8125
9,642,0.373022,0.875
9,643,0.45394376,0.8125
9,644,0.4853341,0.8125
9,645,0.3735263,0.84375
9,646,0.07718526,1.0
9,647,0.37813216,0.8125
9,648,0.31111926,0.875
9,649,0.23270659,0.90625
9,650,0.4274467,0.8125
9,651,0.17688338,0.96875
9,652,0.30961838,0.90625
9,653,0.35039297,0.84375
9,654,0.20631061,0.9375
9,655,0.39851218,0.875
9,656,0.39334786,0.8125
9,657,0.14011773,0.9230769230769231
10,658,0.27337566,0.90625
10,659,0.30220285,0.90625
10,660,0.37889355,0.84375
10,661,0.34748283,0.90625
10,662,0.1619564,0.96875
10,663,0.48056772,0.84375
10,664,0.3811576,0.84375
10,665,0.12030621,0.96875
10,666,0.31336617,0.90625
10,667,0.24702623,0.96875
10,668,0.17537272,0.9375
10,669,0.2564919,0.9375
10,670,0.4319879,0.875
10,671,0.28778824,0.90625
10,672,0.4595829,0.8125
10,673,0.20723209,0.90625
10,674,0.44861922,0.8125
10,675,0.13727596,0.96875
10,676,0.14710268,0.96875
10,677,0.20372866,0.9375
10,678,0.26312044,0.90625
10,679,0.35510632,0.90625
10,680,0.20125139,0.90625
10,681,0.64464295,0.71875
10,682,0.45662257,0.84375
10,683,0.35981643,0.84375
10,684,0.31110674,0.90625
10,685,0.4652276,0.8125
10,686,0.17275563,0.9375
10,687,0.19795464,0.90625
10,688,0.3253856,0.875
10,689,0.2538999,0.9375
10,690,0.2389008,0.90625
10,691,0.28046092,0.875
10,692,0.38205367,0.90625
10,693,0.18450402,0.96875
10,694,0.36466223,0.875
10,695,0.34446156,0.8125
10,696,0.3176557,0.90625
10,697,0.35848498,0.84375
10,698,0.27637067,0.90625
10,699,0.16402732,0.9375
10,700,0.27027628,0.9375
10,701,0.32908502,0.90625
10,702,0.1698178,0.9375
10,703,0.37522876,0.8125
10,704,0.35614622,0.84375
10,705,0.4642928,0.8125
10,706,0.30565682,0.9375
10,707,0.4803592,0.875
10,708,0.35199133,0.8125
10,709,0.4202536,0.8125
10,710,0.36292726,0.875
10,711,0.4426369,0.84375
10,712,0.24512358,0.96875
10,713,0.2222256,0.96875
10,714,0.39771888,0.90625
10,715,0.10836786,0.96875
10,716,0.14259204,0.96875
10,717,0.4462037,0.8125
10,718,0.29796237,0.90625
10,719,0.21936466,0.9375
10,720,0.20408937,0.96875
10,721,0.16522396,0.90625
10,722,0.4943387,0.875
10,723,0.22035873,0.9375
10,724,0.29423743,0.90625
10,725,0.1629164,0.96875
10,726,0.28322318,0.90625
10,727,0.24263361,0.90625
10,728,0.16305655,0.9375
10,729,0.2113236,0.96875
10,730,0.1914449,0.9230769230769231
11,731,0.17095296,0.96875
11,732,0.14240265,0.96875
11,733,0.13837536,0.96875
11,734,0.30833924,0.84375
11,735,0.2478861,0.9375
11,736,0.2158497,0.9375
11,737,0.27781996,0.875
11,738,0.29657254,0.9375
11,739,0.19778526,0.96875
11,740,0.1558264,0.96875
11,741,0.21340284,0.9375
11,742,0.37875593,0.84375
11,743,0.15271714,0.96875
11,744,0.20084693,0.96875
11,745,0.27159083,0.90625
11,746,0.32621044,0.875
11,747,0.2972545,0.90625
11,748,0.34202272,0.875
11,749,0.3751581,0.9375
11,750,0.33492038,0.875
11,751,0.25235146,0.9375
11,752,0.35412088,0.84375
11,753,0.37818027,0.875
11,754,0.29743367,0.875
11,755,0.25221008,0.90625
11,756,0.18478262,0.9375
11,757,0.31484157,0.90625
11,758,0.33055696,0.9375
11,759,0.21080792,0.9375
11,760,0.12590322,0.9375
11,761,0.16992,0.96875
11,762,0.3101192,0.90625
11,763,0.27880624,0.90625
11,764,0.37641606,0.875
11,765,0.30298185,0.90625
11,766,0.2599436,0.9375
11,767,0.22293782,0.90625
11,768,0.5358188,0.84375
11,769,0.6126152,0.75
11,770,0.39801395,0.84375
11,771,0.2805757,0.875
11,772,0.19998214,0.90625
11,773,0.32310298,0.875
11,774,0.24499604,0.9375
11,775,0.17884238,0.96875
11,776,0.47520965,0.875
11,777,0.45682582,0.84375
11,778,0.36466166,0.875
11,779,0.20056038,0.96875
11,780,0.24814087,0.9375
11,781,0.18784763,0.9375
11,782,0.27326617,0.90625
11,783,0.31715167,0.84375
11,784,0.23839366,0.9375
11,785,0.15844515,0.96875
11,786,0.17726764,0.9375
11,787,0.29374963,0.90625
11,788,0.4325882,0.84375
11,789,0.32318136,0.875
11,790,0.30174547,0.9375
11,791,0.34973007,0.875
11,792,0.4506236,0.78125
11,793,0.1657949,0.9375
11,794,0.18845978,0.9375
11,795,0.515753,0.875
11,796,0.265963,0.9375
11,797,0.30106604,0.90625
11,798,0.43353406,0.84375
11,799,0.3377397,0.9375
11,800,0.10143027,0.96875
11,801,0.39111778,0.875
11,802,0.43100178,0.8125
11,803,0.53553843,0.6923076923076923
12,804,0.2677706,0.90625
12,805,0.16248935,0.96875
12,806,0.3732374,0.84375
12,807,0.39474782,0.84375
12,808,0.10031444,0.96875
12,809,0.28434783,0.90625
12,810,0.37696058,0.84375
12,811,0.29169226,0.875
12,812,0.103303365,0.96875
12,813,0.1974288,0.96875
12,814,0.14018501,0.9375
12,815,0.25462586,0.9375
12,816,0.54780746,0.78125
12,817,0.25665638,0.84375
12,818,0.27726135,0.90625
12,819,0.29288658,0.9375
12,820,0.28038004,0.9375
12,821,0.35976112,0.875
12,822,0.19826308,0.9375
12,823,0.35897478,0.875
12,824,0.3400234,0.90625
12,825,0.2162625,0.9375
12,826,0.15281293,0.96875
12,827,0.30524182,0.875
12,828,0.10172987,0.96875
12,829,0.34197778,0.84375
12,830,0.2753101,0.9375
12,831,0.1800112,0.9375
12,832,0.39075652,0.875
12,833,0.24098337,0.9375
12,834,0.36655694,0.84375
12,835,0.3378617,0.90625
12,836,0.25597307,0.875
12,837,0.18102439,0.9375
12,838,0.24023221,0.9375
12,839,0.38819274,0.875
12,840,0.20127138,0.96875
12,841,0.43319333,0.8125
12,842,0.22126432,0.9375
12,843,0.19969833,0.90625
12,844,0.2952542,0.90625
12,845,0.38307953,0.8125
12,846,0.4733566,0.84375
12,847,0.18806693,0.90625
12,848,0.26813272,0.875
12,849,0.37642235,0.90625
12,850,0.1659367,0.9375
12,851,0.40454978,0.875
12,852,0.430587,0.84375
12,853,0.47283798,0.84375
12,854,0.18547168,0.90625
12,855,0.78709257,0.71875
12,856,0.47510886,0.8125
12,857,0.1354249,0.96875
12,858,0.19488727,0.9375
12,859,0.2302744,0.9375
12,860,0.2620516,0.90625
12,861,0.14807747,0.96875
12,862,0.24814352,0.9375
12,863,0.34837434,0.84375
12,864,0.1820119,0.96875
12,865,0.2725512,0.9375
12,866,0.23206809,0.96875
12,867,0.1293979,1.0
12,868,0.16372001,0.96875
12,869,0.12594864,0.96875
12,870,0.21574156,0.9375
12,871,0.3493304,0.875
12,872,0.106593415,1.0
12,873,0.32451162,0.9375
12,874,0.1452029,0.96875
12,875,0.33522996,0.875
12,876,0.288593,0.9230769230769231
13,877,0.09267009,1.0
13,878,0.27616665,0.90625
13,879,0.48395982,0.8125
13,880,0.56673974,0.78125
13,881,0.15027535,0.90625
13,882,0.12490667,0.96875
13,883,0.29194626,0.90625
13,884,0.2889234,0.90625
13,885,0.1505177,0.9375
13,886,0.3582046,0.875
13,887,0.24911167,0.90625
13,888,0.3865379,0.875
13,889,0.31192514,0.90625
13,890,0.37004462,0.84375
13,891,0.47941893,0.71875
13,892,0.13484146,0.96875
13,893,0.38770837,0.90625
13,894,0.09620912,1.0
13,895,0.20144555,0.96875
13,896,0.2841525,0.9375
13,897,0.19363128,0.96875
13,898,0.3394206,0.84375
13,899,0.23708057,0.9375
13,900,0.34203413,0.90625
13,901,0.24107526,0.9375
13,902,0.3333599,0.875
13,903,0.5720543,0.84375
13,904,0.1382095,0.96875
13,905,0.2557464,0.90625
13,906,0.3480985,0.84375
13,907,0.25335217,0.875
13,908,0.39276245,0.8125
13,909,0.345972,0.84375
13,910,0.21662803,0.96875
13,911,0.44998333,0.84375
13,912,0.29255763,0.875
13,913,0.3888411,0.84375
13,914,0.33690533,0.90625
13,915,0.24542367,0.90625
13,916,0.28930995,0.90625
13,917,0.3508003,0.9375
13,918,0.10425748,1.0
13,919,0.26958692,0.8125
13,920,0.18813242,0.90625
13,921,0.21832451,0.9375
13,922,0.15616207,0.9375
13,923,0.33510205,0.9375
13,924,0.28238007,0.875
13,925,0.22570121,0.90625
13,926,0.3935312,0.90625
13,927,0.15777631,0.96875
13,928,0.39622545,0.84375
13,929,0.33172753,0.84375
13,930,0.30101612,0.9375
13,931,0.20739424,0.90625
13,932,0.17990054,0.9375
13,933,0.2996331,0.875
13,934,0.11415068,1.0
13,935,0.2430468,0.90625
13,936,0.12642792,0.96875
13,937,0.4627705,0.84375
13,938,0.3306441,0.90625
13,939,0.14322928,0.9375
13,940,0.32695252,0.84375
13,941,0.23810892,0.90625
13,942,0.5183429,0.84375
13,943,0.097247064,1.0
13,944,0.20388134,0.90625
13,945,0.16630085,0.96875
13,946,0.26975006,0.90625
13,947,0.27523535,0.875
13,948,0.41976097,0.8125
13,949,0.37344316,0.8461538461538461
14,950,0.14505488,0.96875
14,951,0.29825765,0.875
14,952,0.34736174,0.875
14,953,0.29139128,0.84375
14,954,0.16824317,0.96875
14,955,0.20000312,0.90625
14,956,0.72557706,0.6875
14,957,0.22757824,0.9375
14,958,0.3603199,0.90625
14,959,0.44720775,0.875
14,960,0.36893946,0.90625
14,961,0.19049875,0.96875
14,962,0.19476649,0.96875
14,963,0.13626383,0.96875
14,964,0.3665465,0.84375
14,965,0.39648923,0.875
14,966,0.2145048,0.90625
14,967,0.4991257,0.8125
14,968,0.08819272,1.0
14,969,0.26678732,0.875
14,970,0.33324516,0.90625
14,971,0.2847086,0.9375
14,972,0.13315538,0.96875
14,973,0.31476876,0.875
14,974,0.28374618,0.90625
14,975,0.18521374,0.9375
14,976,0.2873669,0.90625
14,977,0.07496154,1.0
14,978,0.31518817,0.90625
14,979,0.2980934,0.90625
14,980,0.10897911,0.96875
14,981,0.30333915,0.875
14,982,0.2575596,0.9375
14,983,0.39476964,0.84375
14,984,0.29905856,0.875
14,985,0.34690586,0.875
14,986,0.22586069,0.9375
14,987,0.6573308,0.8125
14,988,0.2332204,0.9375
14,989,0.39954984,0.875
14,990,0.3664056,0.84375
14,991,0.3473398,0.84375
14,992,0.20813327,0.90625
14,993,0.13349733,0.96875
14,994,0.3022812,0.90625
14,995,0.17664844,0.96875
14,996,0.25675443,0.96875
14,997,0.31517446,0.875
14,998,0.4288369,0.8125
14,999,0.26699245,0.875
14,1000,0.25750357,0.90625
14,1001,0.265773,0.9375
14,1002,0.14841036,0.9375
14,1003,0.24924167,0.9375
14,1004,0.25128362,0.90625
14,1005,0.21456978,0.96875
14,1006,0.13639054,0.96875
14,1007,0.2705278,0.90625
14,1008,0.1745147,0.9375
14,1009,0.23358294,0.96875
14,1010,0.20346683,0.90625
14,1011,0.31905955,0.90625
14,1012,0.27535337,0.96875
14,1013,0.28150004,0.9375
14,1014,0.118601896,1.0
14,1015,0.34809464,0.84375
14,1016,0.3667296,0.875
14,1017,0.5265789,0.78125
14,1018,0.3961948,0.84375
14,1019,0.17619812,0.96875
14,1020,0.4779466,0.84375
14,1021,0.39064425,0.84375
14,1022,0.2032218,0.9230769230769231
15,1023,0.16341597,0.96875
15,1024,0.23079456,0.9375
15,1025,0.36937055,0.84375
15,1026,0.20712169,0.90625
15,1027,0.20555213,0.9375
15,1028,0.22457945,0.9375
15,1029,0.34755576,0.90625
15,1030,0.19197442,0.96875
15,1031,0.3061925,0.90625
15,1032,0.115482,0.9375
15,1033,0.3515485,0.84375
15,1034,0.2573879,0.9375
15,1035,0.4166659,0.84375
15,1036,0.15711567,0.96875
15,1037,0.30628866,0.875
15,1038,0.21945417,0.90625
15,1039,0.23426653,0.90625
15,1040,0.3549547,0.875
15,1041,0.42181447,0.84375
15,1042,0.46914798,0.84375
15,1043,0.102684066,0.96875
15,1044,0.45159945,0.8125
15,1045,0.10473625,1.0
15,1046,0.112673625,1.0
15,1047,0.34042457,0.8125
15,1048,0.24451996,0.90625
15,1049,0.16531868,0.9375
15,1050,0.15901437,0.96875
15,1051,0.34830946,0.90625
15,1052,0.1953819,0.96875
15,1053,0.17722325,0.9375
15,1054,0.28349227,0.875
15,1055,0.4937445,0.78125
15,1056,0.37794694,0.875
15,1057,0.2503318,0.90625
15,1058,0.14567918,1.0
15,1059,0.30733332,0.84375
15,1060,0.4021307,0.8125
15,1061,0.23318622,0.9375
15,1062,0.33227056,0.84375
15,1063,0.25755414,0.9375
15,1064,0.21573648,0.90625
15,1065,0.4097403,0.84375
15,1066,0.24391271,0.90625
15,1067,0.24277534,0.90625
15,1068,0.2847237,0.90625
15,1069,0.45324615,0.875
15,1070,0.115967974,0.96875
15,1071,0.16282497,0.96875
15,1072,0.37613449,0.84375
15,1073,0.15238456,0.96875
15,1074,0.26422444,0.875
15,1075,0.11332815,1.0
15,1076,0.14205174,0.96875
15,1077,0.30296198,0.875
15,1078,0.22126363,0.9375
15,1079,0.30820793,0.84375
15,1080,0.24946879,0.90625
15,1081,0.13385996,1.0
15,1082,0.29559916,0.9375
15,1083,0.3441814,0.90625
15,1084,0.30929267,0.84375
15,1085,0.24243861,0.96875
15,1086,0.17572062,0.9375
15,1087,0.22846355,0.9375
15,1088,0.17903139,0.9375
15,1089,0.14662814,0.96875
15,1090,0.24108134,0.90625
15,1091,0.14083816,0.9375
15,1092,0.21084255,0.9375
15,1093,0.35832337,0.90625
15,1094,0.21013243,0.96875
15,1095,0.12471272,1.0
16,1096,0.3103149,0.90625
16,1097,0.30141693,0.90625
16,1098,0.2343992,0.9375
16,1099,0.35157344,0.84375
16,1100,0.26629722,0.90625
16,1101,0.2337262,0.9375
16,1102,0.37344167,0.90625
16,1103,0.18936947,0.9375
16,1104,0.23492065,0.90625
16,1105,0.28449017,0.90625
16,1106,0.12592904,0.96875
16,1107,0.2670223,0.90625
16,1108,0.08499719,1.0
16,1109,0.31650305,0.875
16,1110,0.17693858,0.96875
16,1111,0.3911648,0.84375
16,1112,0.23809688,0.90625
16,1113,0.20413475,0.9375
16,1114,0.2382096,0.875
16,1115,0.46949515,0.8125
16,1116,0.34078413,0.84375
16,1117,0.21873735,0.9375
16,1118,0.10764374,1.0
16,1119,0.26675135,0.90625
16,1120,0.31057954,0.84375
16,1121,0.3373914,0.875
16,1122,0.37353635,0.8125
16,1123,0.12753253,1.0
16,1124,0.3204754,0.875
16,1125,0.29968888,0.875
16,1126,0.2942126,0.90625
16,1127,0.11983781,1.0
16,1128,0.15100284,0.96875
16,1129,0.28450134,0.90625
16,1130,0.29905733,0.90625
16,1131,0.18511629,0.9375
16,1132,0.26997924,0.875
16,1133,0.12375188,0.9375
16,1134,0.3128677,0.90625
16,1135,0.32683948,0.875
16,1136,0.26262984,0.9375
16,1137,0.34659174,0.90625
16,1138,0.28947023,0.84375
16,1139,0.19587503,0.96875
16,1140,0.32860935,0.96875
16,1141,0.2427867,0.9375
16,1142,0.094534494,0.9375
16,1143,0.4065129,0.8125
16,1144,0.1010488,1.0
16,1145,0.4201448,0.90625
16,1146,0.24716973,0.90625
16,1147,0.27740332,0.875
16,1148,0.22451451,0.90625
16,1149,0.2078583,0.96875
16,1150,0.16642752,0.90625
16,1151,0.088996544,1.0
16,1152,0.40731898,0.875
16,1153,0.27048966,0.875
16,1154,0.23165038,0.90625
16,1155,0.13649586,0.96875
16,1156,0.19189386,0.9375
16,1157,0.11958858,1.0
16,1158,0.25193715,0.9375
16,1159,0.18400356,0.9375
16,1160,0.323634,0.90625
16,1161,0.22053128,0.9375
16,1162,0.25916034,0.875
16,1163,0.20612873,0.90625
16,1164,0.31334525,0.875
16,1165,0.116810024,1.0
16,1166,0.17568909,0.96875
16,1167,0.36477542,0.875
16,1168,0.14543961,1.0
17,1169,0.26317635,0.90625
17,1170,0.21886453,0.9375
17,1171,0.26575848,0.9375
17,1172,0.2817668,0.9375
17,1173,0.21092781,0.9375
17,1174,0.20297208,0.9375
17,1175,0.33314693,0.90625
17,1176,0.4419624,0.84375
17,1177,0.23887782,0.90625
17,1178,0.1794473,0.9375
17,1179,0.26880586,0.84375
17,1180,0.17248133,0.96875
17,1181,0.30518353,0.875
17,1182,0.44416702,0.8125
17,1183,0.2774076,0.90625
17,1184,0.15581226,0.90625
17,1185,0.10164048,1.0
17,1186,0.26859617,0.875
17,1187,0.37413657,0.84375
17,1188,0.2073868,0.96875
17,1189,0.22034913,0.9375
17,1190,0.20224842,0.9375
17,1191,0.38179007,0.875
17,1192,0.26904917,0.90625
17,1193,0.4163378,0.84375
17,1194,0.25507218,0.9375
17,1195,0.15702055,0.96875
17,1196,0.42830956,0.84375
17,1197,0.25896537,0.90625
17,1198,0.3198559,0.84375
17,1199,0.2720436,0.9375
17,1200,0.22441125,0.90625
17,1201,0.21438445,0.9375
17,1202,0.08115406,0.96875
17,1203,0.21532193,0.9375
17,1204,0.30296198,0.84375
17,1205,0.3674379,0.8125
17,1206,0.23703584,0.90625
17,1207,0.26751402,0.9375
17,1208,0.066929415,1.0
17,1209,0.3200029,0.90625
17,1210,0.3576594,0.875
17,1211,0.19987674,0.9375
17,1212,0.24558996,0.96875
17,1213,0.36031848,0.875
17,1214,0.32826972,0.8125
17,1215,0.29880887,0.9375
17,1216,0.2975556,0.875
17,1217,0.34293547,0.875
17,1218,0.32599223,0.90625
17,1219,0.28159386,0.9375
17,1220,0.3163361,0.90625
17,1221,0.18590674,0.96875
17,1222,0.09631139,0.96875
17,1223,0.22196789,0.9375
17,1224,0.28820297,0.90625
17,1225,0.22321935,0.9375
17,1226,0.1743947,0.96875
17,1227,0.122110516,1.0
17,1228,0.47849408,0.8125
17,1229,0.13775533,0.96875
17,1230,0.53807527,0.75
17,1231,0.53514504,0.71875
17,1232,0.23634544,0.90625
17,1233,0.14728798,0.96875
17,1234,0.45268267,0.90625
17,1235,0.1352159,1.0
17,1236,0.054262355,1.0
17,1237,0.18001473,0.96875
17,1238,0.2579584,0.90625
17,1239,0.2006498,0.9375
17,1240,0.28979734,0.875
17,1241,0.5961112,0.8461538461538461
18,1242,0.20659426,0.9375
18,1243,0.19807449,0.9375
18,1244,0.17671777,0.9375
18,1245,0.32495445,0.8125
18,1246,0.19320163,0.9375
18,1247,0.29544497,0.875
18,1248,0.12748107,0.9375
18,1249,0.29708493,0.875
18,1250,0.1976445,0.90625
18,1251,0.25654745,0.9375
18,1252,0.3783251,0.84375
18,1253,0.25638628,0.96875
18,1254,0.20555873,0.9375
18,1255,0.36560625,0.8125
18,1256,0.2698548,0.875
18,1257,0.46269757,0.84375
18,1258,0.13224407,0.9375
18,1259,0.19201395,0.9375
18,1260,0.25391743,0.90625
18,1261,0.36677828,0.90625
18,1262,0.70663005,0.71875
18,1263,0.1634109,0.9375
18,1264,0.3999257,0.875
18,1265,0.24852924,0.9375
18,1266,0.23465495,0.90625
18,1267,0.28643674,0.90625
18,1268,0.376509,0.84375
18,1269,0.32332057,0.9375
18,1270,0.45616972,0.8125
18,1271,0.27035883,0.875
18,1272,0.30540273,0.8125
18,1273,0.3357041,0.875
18,1274,0.22005755,0.9375
18,1275,0.25632635,0.90625
18,1276,0.4877425,0.875
18,1277,0.17463642,0.9375
18,1278,0.2998959,0.90625
18,1279,0.13322704,0.9375
18,1280,0.30378494,0.96875
18,1281,0.2480196,0.875
18,1282,0.1297448,0.9375
18,1283,0.31544822,0.84375
18,1284,0.14485097,0.9375
18,1285,0.33305907,0.875
18,1286,0.3678835,0.8125
18,1287,0.15796074,0.9375
18,1288,0.36516538,0.8125
18,1289,0.30321187,0.875
18,1290,0.23888358,0.90625
18,1291,0.16014493,0.90625
18,1292,0.42004526,0.84375
18,1293,0.11496224,0.96875
18,1294,0.15917112,0.90625
18,1295,0.2978604,0.90625
18,1296,0.20048577,0.96875
18,1297,0.21842103,0.90625
18,1298,0.1996691,0.96875
18,1299,0.18545015,0.9375
18,1300,0.20774037,0.9375
18,1301,0.30904743,0.9375
18,1302,0.11593361,0.96875
18,1303,0.162214,0.96875
18,1304,0.28118703,0.9375
18,1305,0.24102795,0.90625
18,1306,0.2682815,0.9375
18,1307,0.2797375,0.90625
18,1308,0.49569884,0.84375
18,1309,0.22276385,0.9375
18,1310,0.21528842,0.9375
18,1311,0.36802116,0.84375
18,1312,0.19353145,0.96875
18,1313,0.21880956,0.96875
18,1314,0.25018704,0.9230769230769231
19,1315,0.27483127,0.90625
19,1316,0.17141095,0.9375
19,1317,0.103331424,0.96875
19,1318,0.15395382,0.9375
19,1319,0.18758659,0.9375
19,1320,0.302048,0.90625
19,1321,0.34706485,0.875
19,1322,0.11197554,0.9375
19,1323,0.3729353,0.875
19,1324,0.26432672,0.9375
19,1325,0.49626154,0.875
19,1326,0.24657379,0.90625
19,1327,0.10207318,1.0
19,1328,0.29697978,0.90625
19,1329,0.26954368,0.90625
19,1330,0.39917293,0.84375
19,1331,0.20425616,0.96875
19,1332,0.22903985,0.9375
19,1333,0.3580744,0.84375
19,1334,0.29903394,0.90625
19,1335,0.07978733,1.0
19,1336,0.10951792,0.96875
19,1337,0.28639978,0.9375
19,1338,0.18811637,0.9375
19,1339,0.19256504,0.9375
19,1340,0.3078225,0.90625
19,1341,0.2091017,0.875
19,1342,0.34170797,0.875
19,1343,0.17462358,0.96875
19,1344,0.16506463,0.9375
19,1345,0.20594364,0.9375
19,1346,0.13725792,0.96875
19,1347,0.23670378,0.96875
19,1348,0.14095776,1.0
19,1349,0.2057362,0.96875
19,1350,0.42467108,0.84375
19,1351,0.32471675,0.84375
19,1352,0.30992427,0.90625
19,1353,0.29110068,0.90625
19,1354,0.2801073,0.9375
19,1355,0.2181886,0.9375
19,1356,0.33591205,0.90625
19,1357,0.24685708,0.875
19,1358,0.13011946,0.96875
19,1359,0.30236095,0.875
19,1360,0.30501586,0.90625
19,1361,0.25849414,0.90625
19,1362,0.11144183,1.0
19,1363,0.4091576,0.875
19,1364,0.18106404,0.96875
19,1365,0.2333288,0.96875
19,1366,0.26794738,0.90625
19,1367,0.19630395,0.9375
19,1368,0.19477311,0.9375
19,1369,0.14491117,1.0
19,1370,0.27010387,0.90625
19,1371,0.2545141,0.90625
19,1372,0.36698705,0.90625
19,1373,0.31900248,0.90625
19,1374,0.35622457,0.90625
19,1375,0.31848365,0.875
19,1376,0.17360261,1.0
19,1377,0.12523186,0.96875
19,1378,0.33621144,0.875
19,1379,0.3275997,0.875
19,1380,0.35657966,0.90625
19,1381,0.43135503,0.875
19,1382,0.18463974,0.9375
19,1383,0.13531648,0.96875
19,1384,0.29963398,0.9375
19,1385,0.29105464,0.875
19,1386,0.3801612,0.84375
19,1387,0.19325413,1.0
20,1388,0.330669,0.84375
20,1389,0.15369946,0.9375
20,1390,0.27601185,0.84375
20,1391,0.24750154,0.875
20,1392,0.15626645,0.9375
20,1393,0.12715037,0.9375
20,1394,0.16413718,0.96875
20,1395,0.20607029,0.9375
20,1396,0.1455257,0.96875
20,1397,0.2338581,0.90625
20,1398,0.4051362,0.84375
20,1399,0.35291287,0.90625
20,1400,0.18488675,0.96875
20,1401,0.21519682,0.9375
20,1402,0.27043846,0.875
20,1403,0.39107755,0.875
20,1404,0.28301656,0.9375
20,1405,0.23066048,0.90625
20,1406,0.19901672,0.90625
20,1407,0.26266468,0.90625
20,1408,0.25018054,0.90625
20,1409,0.18793787,0.96875
20,1410,0.23417124,0.9375
20,1411,0.23978691,0.9375
20,1412,0.20856774,0.9375
20,1413,0.13699403,0.96875
20,1414,0.17073594,0.96875
20,1415,0.22495878,0.9375
20,1416,0.34493104,0.84375
20,1417,0.39175913,0.90625
20,1418,0.14776215,0.96875
20,1419,0.3192681,0.90625
20,1420,0.09804394,0.96875
20,1421,0.28811735,0.875
20,1422,0.22941352,0.96875
20,1423,0.16247562,0.96875
20,1424,0.31228453,0.9375
20,1425,0.19387522,0.875
20,1426,0.2822407,0.9375
20,1427,0.255355,0.9375
20,1428,0.31935945,0.90625
20,1429,0.20371461,0.90625
20,1430,0.18616965,0.9375
20,1431,0.7472869,0.71875
20,1432,0.38063705,0.875
20,1433,0.24610244,0.90625
20,1434,0.14092788,0.96875
20,1435,0.33250955,0.875
20,1436,0.23287332,0.90625
20,1437,0.19340481,0.9375
20,1438,0.30600014,0.875
20,1439,0.28060627,0.90625
20,1440,0.14259979,0.96875
20,1441,0.27898315,0.90625
20,1442,0.43473825,0.84375
20,1443,0.23106289,0.9375
20,1444,0.3618937,0.90625
20,1445,0.2275709,0.9375
20,1446,0.18317226,0.9375
20,1447,0.20516181,0.9375
20,1448,0.48310214,0.84375
20,1449,0.22209781,0.90625
20,1450,0.31981683,0.84375
20,1451,0.07420647,1.0
20,1452,0.5057432,0.84375
20,1453,0.34054318,0.875
20,1454,0.37591866,0.875
20,1455,0.18273202,0.9375
20,1456,0.37808862,0.84375
20,1457,0.19385442,0.9375
20,1458,0.20081,0.9375
20,1459,0.2901256,0.84375
20,1460,0.21093297,0.9230769230769231
21,1461,0.20028597,0.9375
21,1462,0.5335696,0.78125
21,1463,0.36078414,0.84375
21,1464,0.117356166,1.0
21,1465,0.21313852,0.875
21,1466,0.19829041,0.9375
21,1467,0.37112033,0.90625
21,1468,0.25616902,0.90625
21,1469,0.19207843,0.9375
21,1470,0.15026902,1.0
21,1471,0.22989939,0.9375
21,1472,0.298745,0.875
21,1473,0.2336274,0.875
21,1474,0.22480704,0.96875
21,1475,0.21351062,0.96875
21,1476,0.48404372,0.84375
21,1477,0.23120746,0.9375
21,1478,0.32759824,0.90625
21,1479,0.24622245,0.875
21,1480,0.3362245,0.90625
21,1481,0.19407506,0.90625
21,1482,0.3062401,0.84375
21,1483,0.3319853,0.875
21,1484,0.2609493,0.9375
21,1485,0.15332955,0.96875
21,1486,0.2487761,0.875
21,1487,0.36264804,0.90625
21,1488,0.21039914,0.90625
21,1489,0.36552685,0.84375
21,1490,0.3458807,0.875
21,1491,0.23818569,0.90625
21,1492,0.35073444,0.90625
21,1493,0.21634918,0.9375
21,1494,0.1074947,1.0
21,1495,0.34690523,0.875
21,1496,0.19602871,0.9375
21,1497,0.22193444,0.9375
21,1498,0.25449088,0.96875
21,1499,0.34782133,0.875
21,1500,0.15411796,0.96875
21,1501,0.3360007,0.9375
21,1502,0.15995821,0.96875
21,1503,0.1892564,0.96875
21,1504,0.16196702,0.96875
21,1505,0.35084486,0.90625
21,1506,0.20558693,0.9375
21,1507,0.4675282,0.78125
21,1508,0.22987635,0.96875
21,1509,0.19039913,0.90625
21,1510,0.10424932,1.0
21,1511,0.19186863,0.9375
21,1512,0.37330917,0.875
21,1513,0.19807331,0.9375
21,1514,0.15142538,0.9375
21,1515,0.14754719,1.0
21,1516,0.3921219,0.84375
21,1517,0.38586736,0.8125
21,1518,0.21924357,0.9375
21,1519,0.32427365,0.90625
21,1520,0.19473127,0.9375
21,1521,0.46954498,0.84375
21,1522,0.30069655,0.84375
21,1523,0.38706142,0.8125
21,1524,0.20229594,0.9375
21,1525,0.25122035,0.90625
21,1526,0.054185312,1.0
21,1527,0.4020955,0.90625
21,1528,0.17064644,0.9375
21,1529,0.22529732,0.9375
21,1530,0.11399202,1.0
21,1531,0.20102577,0.96875
21,1532,0.14941771,0.9375
21,1533,0.3771672,0.8461538461538461
22,1534,0.10306389,0.96875
22,1535,0.22418378,0.9375
22,1536,0.21233967,0.9375
22,1537,0.5886789,0.8125
22,1538,0.2358236,0.96875
22,1539,0.23305865,0.90625
22,1540,0.21527755,0.875
22,1541,0.33546403,0.8125
22,1542,0.15577435,0.96875
22,1543,0.21154341,0.9375
22,1544,0.23081611,0.96875
22,1545,0.24994732,0.875
22,1546,0.30745357,0.84375
22,1547,0.30157575,0.90625
22,1548,0.13842058,0.96875
22,1549,0.27428287,0.90625
22,1550,0.26838893,0.90625
22,1551,0.45342925,0.8125
22,1552,0.37091473,0.875
22,1553,0.13985161,0.96875
22,1554,0.39631182,0.9375
22,1555,0.1602732,0.96875
22,1556,0.21850543,0.875
22,1557,0.18737073,0.96875
22,1558,0.2665547,0.90625
22,1559,0.2390025,0.875
22,1560,0.19339567,0.90625
22,1561,0.23172699,0.90625
22,1562,0.25608236,0.9375
22,1563,0.31556186,0.90625
22,1564,0.47687304,0.8125
22,1565,0.2507067,0.90625
22,1566,0.25102147,0.9375
22,1567,0.19747716,0.9375
22,1568,0.23449636,0.90625
22,1569,0.3556137,0.8125
22,1570,0.08768798,1.0
22,1571,0.23954938,0.9375
22,1572,0.3005384,0.875
22,1573,0.35827655,0.875
22,1574,0.29957196,0.90625
22,1575,0.18775535,0.9375
22,1576,0.17164317,0.9375
22,1577,0.3619858,0.90625
22,1578,0.10378265,0.96875
22,1579,0.19779463,0.90625
22,1580,0.15305874,0.96875
22,1581,0.2595811,0.9375
22,1582,0.36408517,0.875
22,1583,0.21599491,0.9375
22,1584,0.27263278,0.9375
22,1585,0.23370135,0.9375
22,1586,0.25913084,0.875
22,1587,0.22977744,0.9375
22,1588,0.48867995,0.875
22,1589,0.04467644,1.0
22,1590,0.34474912,0.875
22,1591,0.24725758,0.9375
22,1592,0.23223278,0.90625
22,1593,0.38744256,0.84375
22,1594,0.19999474,0.90625
22,1595,0.061758094,1.0
22,1596,0.2718155,0.90625
22,1597,0.278038,0.90625
22,1598,0.3320659,0.84375
22,1599,0.29924574,0.875
22,1600,0.21303214,0.96875
22,1601,0.10457952,1.0
22,1602,0.3525337,0.84375
22,1603,0.12250226,0.96875
22,1604,0.33200017,0.875
22,1605,0.1575887,0.9375
22,1606,0.04686263,1.0
23,1607,0.34107637,0.90625
23,1608,0.2753453,0.90625
23,1609,0.3040451,0.875
23,1610,0.12648776,0.96875
23,1611,0.21241988,0.96875
23,1612,0.24232543,0.90625
23,1613,0.34390205,0.9375
23,1614,0.18988429,0.96875
23,1615,0.10109876,0.96875
23,1616,0.24494277,0.875
23,1617,0.27574205,0.875
23,1618,0.3718493,0.84375
23,1619,0.20806937,0.9375
23,1620,0.22625738,0.9375
23,1621,0.3087506,0.9375
23,1622,0.15523924,0.96875
23,1623,0.23508872,0.90625
23,1624,0.4975512,0.8125
23,1625,0.4372168,0.84375
23,1626,0.28117958,0.9375
23,1627,0.22901544,0.90625
23,1628,0.24105103,0.90625
23,1629,0.26474038,0.90625
23,1630,0.17176473,0.9375
23,1631,0.08036025,0.96875
23,1632,0.23962359,0.9375
23,1633,0.3728411,0.90625
23,1634,0.0666397,1.0
23,1635,0.3982872,0.875
23,1636,0.21642411,0.9375
23,1637,0.21010038,0.96875
23,1638,0.31439131,0.90625
23,1639,0.19548935,0.90625
23,1640,0.26411054,0.9375
23,1641,0.2262325,0.96875
23,1642,0.22322729,0.90625
23,1643,0.12798612,0.9375
23,1644,0.2650879,0.96875
23,1645,0.27108848,0.9375
23,1646,0.1522748,0.96875
23,1647,0.1743103,0.9375
23,1648,0.30184186,0.90625
23,1649,0.42463666,0.875
23,1650,0.22166885,0.90625
23,1651,0.19977197,0.9375
23,1652,0.28819036,0.875
23,1653,0.21235803,0.90625
23,1654,0.21037307,0.9375
23,1655,0.2194885,0.90625
23,1656,0.15745571,0.9375
23,1657,0.22323129,0.96875
23,1658,0.53752416,0.84375
23,1659,0.29963753,0.90625
23,1660,0.40224755,0.90625
23,1661,0.09211835,1.0
23,1662,0.31673405,0.90625
23,1663,0.14200583,1.0
23,1664,0.23465158,0.9375
23,1665,0.40257466,0.8125
23,1666,0.29119813,0.90625
23,1667,0.23742889,0.9375
23,1668,0.34027138,0.84375
23,1669,0.26713547,0.90625
23,1670,0.215974,0.9375
23,1671,0.32403857,0.875
23,1672,0.3210135,0.875
23,1673,0.19612733,0.90625
23,1674,0.3222436,0.9375
23,1675,0.13001311,0.96875
23,1676,0.39415964,0.875
23,1677,0.26792175,0.875
23,1678,0.2613747,0.90625
23,1679,0.12038655,0.9230769230769231
24,1680,0.32540658,0.9375
24,1681,0.5302176,0.8125
24,1682,0.18491209,0.9375
24,1683,0.32825357,0.875
24,1684,0.11550355,1.0
24,1685,0.3035182,0.9375
24,1686,0.18862236,0.96875
24,1687,0.36589143,0.875
24,1688,0.2151095,0.90625
24,1689,0.11001146,0.96875
24,1690,0.280117,0.90625
24,1691,0.28475243,0.90625
24,1692,0.16674744,0.96875
24,1693,0.30840462,0.875
24,1694,0.18250781,0.9375
24,1695,0.16321921,0.9375
24,1696,0.17891344,0.96875
24,1697,0.3637061,0.84375
24,1698,0.31333002,0.90625
24,1699,0.44855788,0.875
24,1700,0.11869505,0.9375
24,1701,0.16306946,0.96875
24,1702,0.20667215,0.9375
24,1703,0.16116798,0.9375
24,1704,0.26604345,0.90625
24,1705,0.3724295,0.84375
24,1706,0.15488341,0.96875
24,1707,0.20123215,0.90625
24,1708,0.16110647,0.96875
24,1709,0.06608419,1.0
24,1710,0.23509707,0.9375
24,1711,0.09018244,1.0
24,1712,0.1378881,1.0
24,1713,0.25840694,0.90625
24,1714,0.2965962,0.90625
24,1715,0.18207876,0.9375
24,1716,0.38957235,0.875
24,1717,0.12582994,0.96875
24,1718,0.3135943,0.90625
24,1719,0.35370162,0.875
24,1720,0.21039236,0.9375
24,1721,0.26917508,0.875
24,1722,0.36111012,0.90625
24,1723,0.32288387,0.9375
24,1724,0.17867704,0.96875
24,1725,0.6235751,0.78125
24,1726,0.10237871,0.96875
24,1727,0.27482787,0.90625
24,1728,0.35600558,0.90625
24,1729,0.13126086,0.96875
24,1730,0.14964126,0.96875
24,1731,0.38402632,0.875
24,1732,0.1981177,0.9375
24,1733,0.17269453,0.9375
24,1734,0.46418417,0.875
24,1735,0.2858466,0.875
24,1736,0.14092153,0.9375
24,1737,0.2461548,0.90625
24,1738,0.24656935,0.9375
24,1739,0.27508318,0.875
24,1740,0.13800862,1.0
24,1741,0.32462656,0.90625
24,1742,0.35411325,0.875
24,1743,0.16286406,0.9375
24,1744,0.17283674,0.96875
24,1745,0.14819834,0.96875
24,1746,0.17486414,0.90625
24,1747,0.35259703,0.90625
24,1748,0.25656098,0.875
24,1749,0.31859836,0.875
24,1750,0.43380427,0.8125
24,1751,0.32224718,0.90625
24,1752,0.5634914,0.8461538461538461
25,1753,0.23714633,0.96875
25,1754,0.16263363,0.9375
25,1755,0.2607457,0.90625
25,1756,0.08609773,0.96875
25,1757,0.16743541,0.96875
25,1758,0.27810138,0.90625
25,1759,0.26042643,0.90625
25,1760,0.44722134,0.84375
25,1761,0.15595783,1.0
25,1762,0.18316106,0.96875
25,1763,0.11964138,0.96875
25,1764,0.22015923,0.9375
25,1765,0.075562134,0.96875
25,1766,0.1893227,0.9375
25,1767,0.2917371,0.90625
25,1768,0.20034839,0.90625
25,1769,0.48845622,0.84375
25,1770,0.13698412,0.9375
25,1771,0.2991511,0.9375
25,1772,0.31728292,0.9375
25,1773,0.23139007,0.9375
25,1774,0.2923869,0.875
25,1775,0.12252589,0.96875
25,1776,0.39338052,0.84375
25,1777,0.21804915,0.9375
25,1778,0.23745678,0.96875
25,1779,0.43799445,0.84375
25,1780,0.32681924,0.875
25,1781,0.230566,0.9375
25,1782,0.092664085,0.96875
25,1783,0.36750302,0.875
25,1784,0.23262528,0.9375
25,1785,0.20675527,0.90625
25,1786,0.16452529,0.9375
25,1787,0.27291754,0.875
25,1788,0.43533108,0.875
25,1789,0.41164297,0.84375
25,1790,0.283758,0.90625
25,1791,0.27059257,0.90625
25,1792,0.1248423,1.0
25,1793,0.42443854,0.78125
25,1794,0.3489086,0.875
25,1795,0.15209025,0.9375
25,1796,0.17420779,1.0
25,1797,0.13236807,0.96875
25,1798,0.3988378,0.90625
25,1799,0.2631518,0.875
25,1800,0.22362275,0.9375
25,1801,0.22544838,0.90625
25,1802,0.20579387,0.90625
25,1803,0.23364648,0.90625
25,1804,0.18629633,1.0
25,1805,0.4413975,0.84375
25,1806,0.19229172,0.90625
25,1807,0.24564485,0.96875
25,1808,0.25469297,0.875
25,1809,0.2981696,0.875
25,1810,0.3774233,0.875
25,1811,0.2154826,0.90625
25,1812,0.34996566,0.875
25,1813,0.17906791,0.90625
25,1814,0.2952498,0.90625
25,1815,0.34502923,0.84375
25,1816,0.37462598,0.90625
25,1817,0.2974986,0.875
25,1818,0.426815,0.78125
25,1819,0.19933692,0.9375
25,1820,0.14855616,1.0
25,1821,0.31249717,0.875
25,1822,0.56347555,0.75
25,1823,0.13746028,0.96875
25,1824,0.3461035,0.875
25,1825,1.2340398,0.6153846153846154
26,1826,0.41196942,0.875
26,1827,0.28817123,0.90625
26,1828,0.2642006,0.90625
26,1829,0.1807603,0.9375
26,1830,0.45099896,0.875
26,1831,0.062594675,0.96875
26,1832,0.25955194,0.90625
26,1833,0.2224585,0.9375
26,1834,0.34656757,0.84375
26,1835,0.28577384,0.90625
26,1836,0.3094826,0.90625
26,1837,0.3510717,0.90625
26,1838,0.19967648,0.9375
26,1839,0.10344546,0.96875
26,1840,0.40524745,0.90625
26,1841,0.51541936,0.78125
26,1842,0.4906505,0.8125
26,1843,0.21163322,0.90625
26,1844,0.20740335,0.9375
26,1845,0.2743084,0.90625
26,1846,0.24278721,0.9375
26,1847,0.22678584,0.90625
26,1848,0.31191814,0.9375
26,1849,0.26642826,0.96875
26,1850,0.2370777,0.9375
26,1851,0.40991592,0.9375
26,1852,0.37286833,0.875
26,1853,0.10125694,1.0
26,1854,0.17772067,0.9375
26,1855,0.18546365,0.96875
26,1856,0.14794523,1.0
26,1857,0.22406863,0.90625
26,1858,0.36435106,0.8125
26,1859,0.13844375,0.96875
26,1860,0.21651703,0.9375
26,1861,0.17166092,0.9375
26,1862,0.2580806,0.90625
26,1863,0.40442267,0.90625
26,1864,0.27279115,0.875
26,1865,0.268511,0.875
26,1866,0.28562045,0.90625
26,1867,0.20469359,0.96875
26,1868,0.4059671,0.90625
26,1869,0.4329832,0.90625
26,1870,0.20102154,0.9375
26,1871,0.24258488,0.875
26,1872,0.16487011,0.90625
26,1873,0.4108506,0.875
26,1874,0.119719975,0.96875
26,1875,0.15982163,1.0
26,1876,0.29584938,0.8125
26,1877,0.07549742,1.0
26,1878,0.20765917,0.96875
26,1879,0.30854434,0.875
26,1880,0.28464186,0.9375
26,1881,0.44726697,0.8125
26,1882,0.26126212,0.96875
26,1883,0.23131196,0.90625
26,1884,0.3613758,0.875
26,1885,0.2471166,0.9375
26,1886,0.16789465,0.96875
26,1887,0.20527272,0.9375
26,1888,0.17458561,0.9375
26,1889,0.19937994,0.9375
26,1890,0.12255682,0.96875
26,1891,0.16936737,0.96875
26,1892,0.303927,0.84375
26,1893,0.23388669,0.90625
26,1894,0.4736071,0.78125
26,1895,0.3861034,0.84375
26,1896,0.2179337,0.9375
26,1897,0.2809612,0.90625
26,1898,0.35902107,0.8461538461538461
27,1899,0.19043572,0.9375
27,1900,0.15531676,0.9375
27,1901,0.4086155,0.8125
27,1902,0.13624297,0.96875
27,1903,0.14898865,1.0
27,1904,0.2442838,0.90625
27,1905,0.18393545,0.9375
27,1906,0.12879498,1.0
27,1907,0.22898595,0.9375
27,1908,0.1409472,0.9375
27,1909,0.1485745,0.96875
27,1910,0.12189754,1.0
27,1911,0.35301208,0.875
27,1912,0.16018797,0.96875
27,1913,0.274753,0.875
27,1914,0.20971707,0.9375
27,1915,0.14272891,0.96875
27,1916,0.28245842,0.875
27,1917,0.4497473,0.84375
27,1918,0.13077298,0.96875
27,1919,0.37588736,0.84375
27,1920,0.24764061,0.9375
27,1921,0.33798674,0.8125
27,1922,0.39468578,0.84375
27,1923,0.5681058,0.8125
27,1924,0.22514957,0.9375
27,1925,0.31939846,0.875
27,1926,0.17687121,0.9375
27,1927,0.20723763,0.9375
27,1928,0.4257007,0.875
27,1929,0.29398867,0.875
27,1930,0.46408838,0.90625
27,1931,0.1832044,0.96875
27,1932,0.2917712,0.9375
27,1933,0.13305579,1.0
27,1934,0.2951957,0.90625
27,1935,0.17265569,0.96875
27,1936,0.1587568,0.9375
27,1937,0.111819565,0.96875
27,1938,0.3069634,0.90625
27,1939,0.6209758,0.84375
27,1940,0.13179892,0.96875
27,1941,0.19728898,0.9375
27,1942,0.28260398,0.90625
27,1943,0.1705686,0.96875
27,1944,0.35137972,0.875
27,1945,0.24026805,0.9375
27,1946,0.26282394,0.875
27,1947,0.3358457,0.90625
27,1948,0.22848162,0.90625
27,1949,0.34955,0.8125
27,1950,0.23149902,0.90625
27,1951,0.29604262,0.875
27,1952,0.16663995,0.9375
27,1953,0.25162393,0.9375
27,1954,0.40999222,0.875
27,1955,0.18377063,0.96875
27,1956,0.23968166,0.875
27,1957,0.20945981,0.96875
27,1958,0.25577444,0.875
27,1959,0.22319737,0.96875
27,1960,0.32056972,0.90625
27,1961,0.31915992,0.90625
27,1962,0.42830732,0.90625
27,1963,0.36865062,0.875
27,1964,0.3458491,0.90625
27,1965,0.35377303,0.9375
27,1966,0.13636276,0.96875
27,1967,0.21974722,0.90625
27,1968,0.35241124,0.875
27,1969,0.23617336,0.90625
27,1970,0.54045564,0.84375
27,1971,0.617699,0.7692307692307693
28,1972,0.31534502,0.84375
28,1973,0.35947096,0.90625
28,1974,0.29504988,0.90625
28,1975,0.13713418,0.96875
28,1976,0.27970195,0.875
28,1977,0.17496772,0.90625
28,1978,0.33176303,0.90625
28,1979,0.24239495,0.90625
28,1980,0.28823942,0.90625
28,1981,0.24330713,0.90625
28,1982,0.24493092,0.84375
28,1983,0.21987252,0.9375
28,1984,0.4395244,0.8125
28,1985,0.19157152,0.9375
28,1986,0.10418398,0.96875
28,1987,0.33034247,0.875
28,1988,0.14540192,0.9375
28,1989,0.28723344,0.90625
28,1990,0.18712191,0.96875
28,1991,0.07719647,0.9375
28,1992,0.42723316,0.90625
28,1993,0.07036364,1.0
28,1994,0.3247326,0.90625
28,1995,0.13945583,0.9375
28,1996,0.30817795,0.90625
28,1997,0.17830825,0.9375
28,1998,0.2323754,0.9375
28,1999,0.30349258,0.875
28,2000,0.21213047,0.9375
28,2001,0.35283205,0.84375
28,2002,0.41090193,0.8125
28,2003,0.19245708,0.9375
28,2004,0.266902,0.9375
28,2005,0.2915922,0.90625
28,2006,0.35541067,0.90625
28,2007,0.3349367,0.875
28,2008,0.20303936,0.9375
28,2009,0.1808294,0.9375
28,2010,0.13176675,1.0
28,2011,0.2456019,0.90625
28,2012,0.30849665,0.90625
28,2013,0.2806205,0.90625
28,2014,0.12162317,1.0
28,2015,0.16352406,0.96875
28,2016,0.13764897,0.96875
28,2017,0.26437646,0.90625
28,2018,0.27754194,0.90625
28,2019,0.24444048,0.90625
28,2020,0.36434823,0.90625
28,2021,0.3046151,0.875
28,2022,0.15692526,0.96875
28,2023,0.13575432,0.96875
28,2024,0.3761031,0.875
28,2025,0.45821306,0.84375
28,2026,0.1565774,0.9375
28,2027,0.09109996,1.0
28,2028,0.07592517,1.0
28,2029,0.31586748,0.90625
28,2030,0.23772484,0.875
28,2031,0.26700866,0.90625
28,2032,0.32323623,0.90625
28,2033,0.28524172,0.875
28,2034,0.30050415,0.90625
28,2035,0.2869898,0.875
28,2036,0.26621076,0.90625
28,2037,0.32713923,0.875
28,2038,0.16310957,0.9375
28,2039,0.47960928,0.84375
28,2040,0.44235456,0.78125
28,2041,0.3196305,0.875
28,2042,0.17498222,0.9375
28,2043,0.2643738,0.90625
28,2044,0.15076382,0.9230769230769231
29,2045,0.13976426,0.9375
29,2046,0.45202127,0.875
29,2047,0.37272596,0.875
29,2048,0.17172615,0.90625
29,2049,0.20167658,0.9375
29,2050,0.2449716,0.9375
29,2051,0.20386223,0.90625
29,2052,0.16137625,0.96875
29,2053,0.21351203,0.96875
29,2054,0.16623381,0.9375
29,2055,0.21122704,0.9375
29,2056,0.49383426,0.84375
29,2057,0.49336782,0.875
29,2058,0.15040344,1.0
29,2059,0.12209159,1.0
29,2060,0.1284378,0.9375
29,2061,0.120811455,1.0
29,2062,0.26187342,0.875
29,2063,0.26972538,0.90625
29,2064,0.3683698,0.875
29,2065,0.11515107,1.0
29,2066,0.2116664,0.96875
29,2067,0.20370169,0.9375
29,2068,0.2686527,0.9375
29,2069,0.2057363,0.9375
29,2070,0.08432764,0.96875
29,2071,0.20853987,0.90625
29,2072,0.21599494,0.9375
29,2073,0.19369392,0.9375
29,2074,0.1970059,0.9375
29,2075,0.22713064,0.9375
29,2076,0.0942481,0.96875
29,2077,0.06920325,1.0
29,2078,0.329551,0.90625
29,2079,0.16273475,0.96875
29,2080,0.28818858,0.84375
29,2081,0.2082,0.96875
29,2082,0.38554382,0.875
29,2083,0.21548447,0.9375
29,2084,0.20008862,0.9375
29,2085,0.2280322,0.96875
29,2086,0.15345852,0.96875
29,2087,0.25228783,0.90625
29,2088,0.37066233,0.875
29,2089,0.32558438,0.875
29,2090,0.19001512,0.9375
29,2091,0.28623885,0.9375
29,2092,0.32783693,0.875
29,2093,0.31887472,0.875
29,2094,0.17363702,0.96875
29,2095,0.41852018,0.84375
29,2096,0.2178814,0.875
29,2097,0.24923274,0.9375
29,2098,0.5502835,0.78125
29,2099,0.17868383,0.96875
29,2100,0.36492497,0.875
29,2101,0.33267662,0.8125
29,2102,0.2095821,0.9375
29,2103,0.15650837,0.96875
29,2104,0.36208034,0.875
29,2105,0.26015258,0.90625
29,2106,0.24050993,0.96875
29,2107,0.21819879,0.9375
29,2108,0.3069124,0.9375
29,2109,0.39847413,0.875
29,2110,0.38766825,0.875
29,2111,0.100366935,0.96875
29,2112,0.37325355,0.84375
29,2113,0.12143541,0.96875
29,2114,0.40392813,0.84375
29,2115,0.2739127,0.875
29,2116,0.2840341,0.90625
29,2117,0.12199356,1.0
30,2118,0.20306927,0.90625
30,2119,0.20177808,0.90625
30,2120,0.1450153,0.96875
30,2121,0.39559087,0.84375
30,2122,0.30801457,0.90625
30,2123,0.2824667,0.875
30,2124,0.11178441,0.96875
30,2125,0.29156834,0.84375
30,2126,0.3824778,0.84375
30,2127,0.26385942,0.90625
30,2128,0.27323592,0.90625
30,2129,0.41653934,0.875
30,2130,0.20716329,0.9375
30,2131,0.16671856,0.9375
30,2132,0.18356211,0.9375
30,2133,0.25698346,0.875
30,2134,0.18330085,0.9375
30,2135,0.13095362,0.96875
30,2136,0.333566,0.90625
30,2137,0.4029219,0.84375
30,2138,0.42869017,0.8125
30,2139,0.29838264,0.90625
30,2140,0.47136706,0.84375
30,2141,0.11616294,1.0
30,2142,0.21569854,0.90625
30,2143,0.26722217,0.90625
30,2144,0.14288415,1.0
30,2145,0.26048872,0.90625
30,2146,0.34162134,0.875
30,2147,0.10804263,1.0
30,2148,0.36083695,0.90625
30,2149,0.2771929,0.875
30,2150,0.13010745,0.96875
30,2151,0.11530251,1.0
30,2152,0.34387958,0.84375
30,2153,0.27106,0.90625
30,2154,0.20131731,0.90625
30,2155,0.19189368,0.96875
30,2156,0.2767052,0.90625
30,2157,0.24162571,0.90625
30,2158,0.49387005,0.84375
30,2159,0.35876137,0.9375
30,2160,0.3098175,0.875
30,2161,0.45995536,0.84375
30,2162,0.08902566,1.0
30,2163,0.21303143,0.90625
30,2164,0.121948004,1.0
30,2165,0.23565044,0.90625
30,2166,0.23937166,0.90625
30,2167,0.14051689,0.96875
30,2168,0.13009481,1.0
30,2169,0.34734252,0.84375
30,2170,0.29272875,0.875
30,2171,0.3772171,0.84375
30,2172,0.41190004,0.8125
30,2173,0.19856066,0.96875
30,2174,0.16284445,0.96875
30,2175,0.3564274,0.90625
30,2176,0.20496505,0.96875
30,2177,0.4131398,0.90625
30,2178,0.16776212,0.9375
30,2179,0.19175544,0.875
30,2180,0.09875039,1.0
30,2181,0.31531316,0.90625
30,2182,0.36665398,0.8125
30,2183,0.31675932,0.875
30,2184,0.29353216,0.875
30,2185,0.32848924,0.875
30,2186,0.26524407,0.90625
30,2187,0.37131163,0.875
30,2188,0.27773347,0.90625
30,2189,0.08598651,1.0
30,2190,0.13561371,1.0
